,POSTCODE,YEAR,Property_Count,pct_change
0,1239.0,2016,1,
1,1239.0,2017,1,0.0
2,10001.0,2011,1239,
3,10001.0,2012,1315,6.133979015334945
4,10001.0,2013,1313,-0.1520912547528508
5,10001.0,2014,1336,1.7517136329017413
6,10001.0,2015,1352,1.1976047904191711
7,10001.0,2016,1424,5.3254437869822535
8,10001.0,2017,1490,4.63483146067416
9,10001.0,2018,1494,0.26845637583892135
10,10001.0,2019,1620,8.43373493975903
11,10002.0,2011,2316,
12,10002.0,2012,2430,4.922279792746109
13,10002.0,2013,2481,2.0987654320987703
14,10002.0,2014,2502,0.846432889963733
15,10002.0,2015,2520,0.7194244604316502
16,10002.0,2016,2537,0.6746031746031722
17,10002.0,2017,2579,1.6554986204178057
18,10002.0,2018,2612,1.2795657231485125
19,10002.0,2019,2813,7.6952526799387355
20,10003.0,2011,3664,
21,10003.0,2012,3776,3.056768558951961
22,10003.0,2013,3786,0.26483050847456724
23,10003.0,2014,3774,-0.31695721077654726
24,10003.0,2015,3889,3.047164811870684
25,10003.0,2016,3906,0.4371303677037863
26,10003.0,2017,3927,0.5376344086021501
27,10003.0,2018,3969,1.0695187165775444
28,10003.0,2019,3963,-0.15117157974300355
29,10004.0,2011,558,
30,10004.0,2012,558,0.0
31,10004.0,2013,842,50.896057347670244
32,10004.0,2014,837,-0.5938242280285055
33,10004.0,2015,836,-0.11947431302270495
34,10004.0,2016,833,-0.3588516746411474
35,10004.0,2017,833,0.0
36,10004.0,2018,1106,32.773109243697476
37,10004.0,2019,1106,0.0
38,10005.0,2011,1627,
39,10005.0,2012,1627,0.0
40,10005.0,2013,1628,0.06146281499692652
41,10005.0,2014,1647,1.1670761670761642
42,10005.0,2015,1648,0.06071645415908211
43,10005.0,2016,1647,-0.060679611650482634
44,10005.0,2017,1650,0.18214936247722413
45,10005.0,2018,2017,22.242424242424242
46,10005.0,2019,2019,0.09915716410511255
47,10006.0,2011,645,
48,10006.0,2012,760,17.829457364341096
49,10006.0,2013,823,8.289473684210535
50,10006.0,2014,823,0.0
51,10006.0,2015,824,0.12150668286756705
52,10006.0,2016,826,0.24271844660195274
53,10006.0,2017,826,0.0
54,10006.0,2018,1015,22.881355932203395
55,10006.0,2019,1014,-0.09852216748768017
56,10007.0,2011,1399,
57,10007.0,2012,1344,-3.931379556826309
58,10007.0,2013,1380,2.678571428571419
59,10007.0,2014,1474,6.811594202898541
60,10007.0,2015,1501,1.831750339213034
61,10007.0,2016,1528,1.7988007994670152
62,10007.0,2017,1843,20.6151832460733
63,10007.0,2018,1845,0.10851871947910041
64,10007.0,2019,2050,11.111111111111116
65,10009.0,2011,1840,
66,10009.0,2012,1853,0.706521739130439
67,10009.0,2013,1849,-0.21586616297895045
68,10009.0,2014,1851,0.10816657652785722
69,10009.0,2015,1869,0.9724473257698651
70,10009.0,2016,1886,0.9095773140716856
71,10009.0,2017,1953,3.5524920466595944
72,10009.0,2018,2018,3.3282130056323522
73,10009.0,2019,2121,5.104063429137762
74,10010.0,2011,2377,
75,10010.0,2012,2380,0.12620950778292617
76,10010.0,2013,2541,6.764705882352939
77,10010.0,2014,2539,-0.07870916961826291
78,10010.0,2015,2660,4.765655769988175
79,10010.0,2016,2643,-0.6390977443609058
80,10010.0,2017,2828,6.999621642073395
81,10010.0,2018,2992,5.799151343705788
82,10010.0,2019,3071,2.640374331550799
83,10011.0,2011,6121,
84,10011.0,2012,6157,0.5881391929423385
85,10011.0,2013,6187,0.4872502842293347
86,10011.0,2014,6307,1.9395506707612808
87,10011.0,2015,6388,1.2842872998255928
88,10011.0,2016,6515,1.9881026925485212
89,10011.0,2017,6866,5.387567152724482
90,10011.0,2018,6966,1.4564520827264893
91,10011.0,2019,7033,0.9618145277060064
92,10012.0,2011,2062,
93,10012.0,2012,2077,0.7274490785645016
94,10012.0,2013,2081,0.1925854597977894
95,10012.0,2014,2117,1.7299375300336317
96,10012.0,2015,2162,2.1256495040151258
97,10012.0,2016,2181,0.8788159111933425
98,10012.0,2017,2237,2.5676295277395678
99,10012.0,2018,2305,3.0397854269110347
100,10012.0,2019,2368,2.7331887201735405
101,10013.0,2011,4378,
102,10013.0,2012,4774,9.045226130653262
103,10013.0,2013,4451,-6.765814830330963
104,10013.0,2014,4575,2.785890811053693
105,10013.0,2015,4723,3.2349726775956267
106,10013.0,2016,4861,2.921871691721356
107,10013.0,2017,5230,7.591030652129183
108,10013.0,2018,5402,3.2887189292543084
109,10013.0,2019,5476,1.3698630136986356
110,10014.0,2011,3945,
111,10014.0,2012,3906,-0.9885931558935357
112,10014.0,2013,3917,0.2816180235535093
113,10014.0,2014,3899,-0.4595353586928752
114,10014.0,2015,3939,1.02590407796872
115,10014.0,2016,3911,-0.7108403148007092
116,10014.0,2017,3991,2.0455126566095716
117,10014.0,2018,4045,1.3530443497870248
118,10014.0,2019,4120,1.8541409147095234
119,10016.0,2011,8487,
120,10016.0,2012,8351,-1.602450807116762
121,10016.0,2013,8359,0.09579691054963924
122,10016.0,2014,8360,0.011963153487259959
123,10016.0,2015,8433,0.8732057416267924
124,10016.0,2016,8628,2.312344361437213
125,10016.0,2017,8711,0.9619842373667087
126,10016.0,2018,8856,1.6645620479853074
127,10016.0,2019,9034,2.009936766034337
128,10017.0,2011,3296,
129,10017.0,2012,3294,-0.060679611650482634
130,10017.0,2013,3292,-0.06071645415908211
131,10017.0,2014,3292,0.0
132,10017.0,2015,3292,0.0
133,10017.0,2016,3379,2.6427703523693724
134,10017.0,2017,3378,-0.029594554601952705
135,10017.0,2018,3375,-0.0888099467140302
136,10017.0,2019,3377,0.05925925925927
137,10018.0,2011,347,
138,10018.0,2012,533,53.60230547550433
139,10018.0,2013,532,-0.18761726078799779
140,10018.0,2014,524,-1.5037593984962405
141,10018.0,2015,516,-1.526717557251911
142,10018.0,2016,517,0.19379844961240345
143,10018.0,2017,527,1.934235976789167
144,10018.0,2018,511,-3.0360531309297945
145,10018.0,2019,569,11.350293542074375
146,10019.0,2011,7791,
147,10019.0,2012,7862,0.9113079193941775
148,10019.0,2013,7856,-0.07631645891630345
149,10019.0,2014,7841,-0.19093686354378914
150,10019.0,2015,8008,2.129830378778208
151,10019.0,2016,8190,2.2727272727272707
152,10019.0,2017,8483,3.577533577533587
153,10019.0,2018,8604,1.426382176116947
154,10019.0,2019,8627,0.26731752673174736
155,10020.0,2011,1,
156,10020.0,2012,1,0.0
157,10020.0,2013,1,0.0
158,10020.0,2014,2,100.0
159,10020.0,2015,2,0.0
160,10020.0,2016,2,0.0
161,10020.0,2017,2,0.0
162,10020.0,2018,2,0.0
163,10020.0,2019,2,0.0
164,10021.0,2011,3977,
165,10021.0,2012,3962,-0.37716872014080804
166,10021.0,2013,3962,0.0
167,10021.0,2014,3923,-0.9843513377082336
168,10021.0,2015,4006,2.115727759367836
169,10021.0,2016,4013,0.17473789316027055
170,10021.0,2017,4046,0.8223274358335475
171,10021.0,2018,4046,0.0
172,10021.0,2019,4053,0.17301038062282892
173,10022.0,2011,5002,
174,10022.0,2012,4975,-0.5397840863654579
175,10022.0,2013,4965,-0.20100502512563345
176,10022.0,2014,4984,0.3826787512588137
177,10022.0,2015,4974,-0.20064205457464013
178,10022.0,2016,4974,0.0
179,10022.0,2017,5301,6.57418576598312
180,10022.0,2018,5506,3.867194868892665
181,10022.0,2019,5496,-0.18162005085361477
182,10023.0,2011,8752,
183,10023.0,2012,8684,-0.7769652650822634
184,10023.0,2013,8737,0.610317825886697
185,10023.0,2014,8691,-0.526496509099228
186,10023.0,2015,8674,-0.1956046484869356
187,10023.0,2016,8665,-0.10375835831220037
188,10023.0,2017,8745,0.9232544720138458
189,10023.0,2018,8803,0.6632361349342419
190,10023.0,2019,9043,2.7263432920595188
191,10024.0,2011,4576,
192,10024.0,2012,4730,3.3653846153846256
193,10024.0,2013,4735,0.10570824524311906
194,10024.0,2014,4758,0.4857444561773949
195,10024.0,2015,4942,3.867171080285825
196,10024.0,2016,4945,0.0607041683528875
197,10024.0,2017,5004,1.193124368048526
198,10024.0,2018,5052,0.9592326139088669
199,10024.0,2019,5099,0.9303246239113161
200,10025.0,2011,6881,
201,10025.0,2012,6824,-0.8283679697718371
202,10025.0,2013,6908,1.230949589683461
203,10025.0,2014,6962,0.7817023740590567
204,10025.0,2015,6985,0.3303648376903112
205,10025.0,2016,6981,-0.05726556907659219
206,10025.0,2017,7214,3.3376307119323823
207,10025.0,2018,7269,0.7624064319379009
208,10025.0,2019,7397,1.7609024625120373
209,10026.0,2011,2858,
210,10026.0,2012,3117,9.062281315605315
211,10026.0,2013,3163,1.4757779916586555
212,10026.0,2014,3167,0.12646221941194913
213,10026.0,2015,3265,3.094411114619522
214,10026.0,2016,3422,4.808575803981618
215,10026.0,2017,3430,0.23378141437755406
216,10026.0,2018,3450,0.5830903790087438
217,10026.0,2019,3498,1.3913043478260834
218,10027.0,2011,2180,
219,10027.0,2012,2323,6.5596330275229375
220,10027.0,2013,2401,3.357727077055528
221,10027.0,2014,2420,0.791336942940446
222,10027.0,2015,2474,2.231404958677685
223,10027.0,2016,2496,0.8892481810832686
224,10027.0,2017,2524,1.1217948717948678
225,10027.0,2018,2693,6.695721077654526
226,10027.0,2019,2696,0.11139992573339086
227,10028.0,2011,3277,
228,10028.0,2012,3280,0.09154714678059062
229,10028.0,2013,3298,0.5487804878048674
230,10028.0,2014,3296,-0.06064281382656134
231,10028.0,2015,3295,-0.030339805825241317
232,10028.0,2016,3294,-0.030349013657060553
233,10028.0,2017,3296,0.06071645415908211
234,10028.0,2018,3338,1.274271844660202
235,10028.0,2019,3350,0.3594967046135489
236,10029.0,2011,1723,
237,10029.0,2012,1736,0.7544979686593178
238,10029.0,2013,1936,11.520737327188947
239,10029.0,2014,1981,2.3243801652892637
240,10029.0,2015,2035,2.7258960121151032
241,10029.0,2016,2034,-0.04914004914005066
242,10029.0,2017,2067,1.6224188790560534
243,10029.0,2018,2147,3.8703434929850067
244,10029.0,2019,2221,3.4466697717745687
245,10030.0,2011,1557,
246,10030.0,2012,1579,1.4129736673089255
247,10030.0,2013,1589,0.633312222925908
248,10030.0,2014,1622,2.0767778477029486
249,10030.0,2015,1629,0.4315659679408057
250,10030.0,2016,1637,0.49109883364026885
251,10030.0,2017,1640,0.18326206475258733
252,10030.0,2018,1641,0.06097560975608651
253,10030.0,2019,1640,-0.06093845216331717
254,10031.0,2011,1997,
255,10031.0,2012,1996,-0.05007511266900133
256,10031.0,2013,2002,0.30060120240480437
257,10031.0,2014,2015,0.6493506493506551
258,10031.0,2015,2027,0.5955334987593153
259,10031.0,2016,2069,2.0720276270350224
260,10031.0,2017,2112,2.078298695021741
261,10031.0,2018,2107,-0.23674242424241987
262,10031.0,2019,2128,0.9966777408637828
263,10032.0,2011,1222,
264,10032.0,2012,1220,-0.16366612111292644
265,10032.0,2013,1218,-0.16393442622950616
266,10032.0,2014,1150,-5.582922824302139
267,10032.0,2015,1147,-0.260869565217392
268,10032.0,2016,1205,5.0566695727986
269,10032.0,2017,1339,11.120331950207474
270,10032.0,2018,1338,-0.07468259895444529
271,10032.0,2019,1347,0.6726457399103047
272,10033.0,2011,788,
273,10033.0,2012,787,-0.12690355329949554
274,10033.0,2013,786,-0.12706480304955914
275,10033.0,2014,786,0.0
276,10033.0,2015,787,0.12722646310432406
277,10033.0,2016,786,-0.12706480304955914
278,10033.0,2017,781,-0.6361323155216314
279,10033.0,2018,908,16.261203585147243
280,10033.0,2019,908,0.0
281,10034.0,2011,458,
282,10034.0,2012,458,0.0
283,10034.0,2013,458,0.0
284,10034.0,2014,458,0.0
285,10034.0,2015,459,0.21834061135370675
286,10034.0,2016,459,0.0
287,10034.0,2017,460,0.2178649237472685
288,10034.0,2018,459,-0.21739130434782483
289,10034.0,2019,457,-0.43572984749454813
290,10035.0,2011,1406,
291,10035.0,2012,1430,1.7069701280227667
292,10035.0,2013,1420,-0.6993006993006978
293,10035.0,2014,1412,-0.5633802816901401
294,10035.0,2015,1418,0.4249291784702569
295,10035.0,2016,1415,-0.21156558533145242
296,10035.0,2017,1423,0.565371024734973
297,10035.0,2018,1438,1.054111033028815
298,10035.0,2019,1441,0.20862308762170656
299,10036.0,2011,2840,
300,10036.0,2012,3071,8.133802816901415
301,10036.0,2013,3082,0.3581895148160319
302,10036.0,2014,3095,0.4218040233614495
303,10036.0,2015,3103,0.25848142164781596
304,10036.0,2016,3039,-2.062520141798263
305,10036.0,2017,3046,0.23033892727870597
306,10036.0,2018,3044,-0.06565988181220783
307,10036.0,2019,3071,0.8869908015768813
308,10037.0,2011,397,
309,10037.0,2012,402,1.2594458438287104
310,10037.0,2013,404,0.4975124378109541
311,10037.0,2014,399,-1.2376237623762387
312,10037.0,2015,494,23.809523809523814
313,10037.0,2016,493,-0.2024291497975672
314,10037.0,2017,497,0.8113590263691739
315,10037.0,2018,499,0.4024144869215318
316,10037.0,2019,541,8.416833667334679
317,10038.0,2011,1597,
318,10038.0,2012,1584,-0.8140262993112102
319,10038.0,2013,1599,0.9469696969697017
320,10038.0,2014,1596,-0.18761726078799779
321,10038.0,2015,1600,0.25062656641603454
322,10038.0,2016,1630,1.8750000000000044
323,10038.0,2017,1636,0.36809815950920033
324,10038.0,2018,1712,4.645476772616131
325,10038.0,2019,1713,0.05841121495326895
326,10039.0,2011,506,
327,10039.0,2012,515,1.7786561264822032
328,10039.0,2013,514,-0.1941747572815511
329,10039.0,2014,506,-1.5564202334630295
330,10039.0,2015,539,6.521739130434789
331,10039.0,2016,538,-0.18552875695733162
332,10039.0,2017,636,18.215613382899633
333,10039.0,2018,641,0.7861635220125729
334,10039.0,2019,640,-0.15600624024960652
335,10040.0,2011,427,
336,10040.0,2012,469,9.836065573770503
337,10040.0,2013,468,-0.2132196162046962
338,10040.0,2014,467,-0.21367521367521292
339,10040.0,2015,467,0.0
340,10040.0,2016,467,0.0
341,10040.0,2017,467,0.0
342,10040.0,2018,468,0.21413276231263545
343,10040.0,2019,467,-0.21367521367521292
344,10041.0,2016,1,
345,10041.0,2017,1,0.0
346,10041.0,2018,1,0.0
347,10041.0,2019,1,0.0
348,10044.0,2011,581,
349,10044.0,2012,580,-0.1721170395869165
350,10044.0,2013,580,0.0
351,10044.0,2014,580,0.0
352,10044.0,2015,583,0.5172413793103514
353,10044.0,2016,583,0.0
354,10044.0,2017,587,0.6861063464836947
355,10044.0,2018,586,-0.17035775127768327
356,10044.0,2019,589,0.5119453924914641
357,10065.0,2011,4525,
358,10065.0,2012,4525,0.0
359,10065.0,2013,4518,-0.1546961325966878
360,10065.0,2014,4503,-0.33200531208499307
361,10065.0,2015,4604,2.242949145014439
362,10065.0,2016,4617,0.2823631624674139
363,10065.0,2017,4813,4.24518085336798
364,10065.0,2018,4821,0.16621649698733698
365,10065.0,2019,4850,0.6015349512549228
366,10069.0,2011,1781,
367,10069.0,2012,1783,0.1122964626614209
368,10069.0,2013,1930,8.244531688166013
369,10069.0,2014,1925,-0.2590673575129543
370,10069.0,2015,1915,-0.5194805194805197
371,10069.0,2016,1915,0.0
372,10069.0,2017,2132,11.331592689295045
373,10069.0,2018,2128,-0.18761726078799779
374,10069.0,2019,2127,-0.046992481203012026
375,10075.0,2011,3009,
376,10075.0,2012,3040,1.0302426055167846
377,10075.0,2013,3039,-0.03289473684210398
378,10075.0,2014,3039,0.0
379,10075.0,2015,3116,2.53372820006581
380,10075.0,2016,3113,-0.09627727856226231
381,10075.0,2017,3133,0.6424670735624805
382,10075.0,2018,3129,-0.12767315671879942
383,10075.0,2019,3128,-0.03195909236177741
384,10103.0,2014,2,
385,10103.0,2015,2,0.0
386,10103.0,2016,1,-50.0
387,10103.0,2017,1,0.0
388,10103.0,2018,1,0.0
389,10103.0,2019,1,0.0
390,10128.0,2011,5782,
391,10128.0,2012,5580,-3.4936008301625687
392,10128.0,2013,5474,-1.8996415770609287
393,10128.0,2014,5477,0.05480453050785705
394,10128.0,2015,5643,3.0308563081979267
395,10128.0,2016,5626,-0.30125819599503556
396,10128.0,2017,5916,5.154639175257736
397,10128.0,2018,6075,2.687626774847862
398,10128.0,2019,6297,3.654320987654325
399,10129.0,2014,14,
400,10129.0,2015,14,0.0
401,10129.0,2016,14,0.0
402,10129.0,2017,14,0.0
403,10162.0,2011,1,
404,10162.0,2012,1,0.0
405,10162.0,2013,1,0.0
406,10162.0,2014,1,0.0
407,10162.0,2015,1,0.0
408,10162.0,2016,1,0.0
409,10162.0,2017,1,0.0
410,10162.0,2018,1,0.0
411,10162.0,2019,1,0.0
412,10170.0,2018,1,
413,10170.0,2019,1,0.0
414,10172.0,2018,1,
415,10172.0,2019,1,0.0
416,10271.0,2017,1,
417,10271.0,2018,1,0.0
418,10271.0,2019,1,0.0
419,10279.0,2018,1,
420,10279.0,2019,1,0.0
421,10280.0,2011,3496,
422,10280.0,2012,3671,5.005720823798621
423,10280.0,2013,3384,-7.818033233451372
424,10280.0,2014,3384,0.0
425,10280.0,2015,3364,-0.5910165484633523
426,10280.0,2016,3364,0.0
427,10280.0,2017,3363,-0.029726516052319685
428,10280.0,2018,2766,-17.752007136485283
429,10280.0,2019,2766,0.0
430,10282.0,2011,15,
431,10282.0,2012,15,0.0
432,10282.0,2013,19,26.66666666666666
433,10282.0,2014,18,-5.263157894736848
434,10282.0,2015,18,0.0
435,10282.0,2016,18,0.0
436,10282.0,2017,210,1066.6666666666665
437,10282.0,2018,184,-12.380952380952381
438,10282.0,2019,185,0.5434782608695565
439,10301.0,2011,7301,
440,10301.0,2012,7321,0.27393507738666667
441,10301.0,2013,7331,0.13659336156262025
442,10301.0,2014,7346,0.2046105579047941
443,10301.0,2015,7340,-0.08167710318540689
444,10301.0,2016,7481,1.9209809264305155
445,10301.0,2017,7247,-3.1279240743216197
446,10301.0,2018,7265,0.248378639437008
447,10301.0,2019,7286,0.2890571231934036
448,10302.0,2011,3916,
449,10302.0,2012,3927,0.2808988764045006
450,10302.0,2013,3929,0.05092946269416032
451,10302.0,2014,3944,0.38177653346906926
452,10302.0,2015,3949,0.12677484787018134
453,10302.0,2016,4019,1.7726006583945297
454,10302.0,2017,4013,-0.1492908683752181
455,10302.0,2018,4035,0.5482182905556909
456,10302.0,2019,4035,0.0
457,10303.0,2011,5419,
458,10303.0,2012,5437,0.3321646060158612
459,10303.0,2013,5447,0.18392495861687674
460,10303.0,2014,5453,0.11015237745548578
461,10303.0,2015,5467,0.25673940949935137
462,10303.0,2016,5484,0.310956648984817
463,10303.0,2017,5500,0.29175784099197966
464,10303.0,2018,5500,0.0
465,10303.0,2019,5521,0.38181818181817206
466,10304.0,2011,8803,
467,10304.0,2012,8805,0.022719527433823217
468,10304.0,2013,8825,0.22714366837024436
469,10304.0,2014,8855,0.3399433427762055
470,10304.0,2015,8874,0.21456804065500545
471,10304.0,2016,8901,0.30425963488844854
472,10304.0,2017,8987,0.9661835748792313
473,10304.0,2018,9019,0.3560698787137051
474,10304.0,2019,9020,0.011087703736545329
475,10305.0,2011,10081,
476,10305.0,2012,10143,0.6150183513540242
477,10305.0,2013,10175,0.315488514246276
478,10305.0,2014,10204,0.28501228501227605
479,10305.0,2015,10245,0.4018032144257111
480,10305.0,2016,10248,0.02928257686676261
481,10305.0,2017,10254,0.058548009367687115
482,10305.0,2018,10299,0.4388531304856613
483,10305.0,2019,10369,0.6796776386056802
484,10306.0,2011,15986,
485,10306.0,2012,16018,0.20017515325909674
486,10306.0,2013,16036,0.11237357972280204
487,10306.0,2014,16066,0.1870790720877924
488,10306.0,2015,16175,0.6784513880244036
489,10306.0,2016,16092,-0.5131375579598196
490,10306.0,2017,16141,0.30449913000247797
491,10306.0,2018,16160,0.11771265720834645
492,10306.0,2019,16233,0.45173267326732436
493,10307.0,2011,3852,
494,10307.0,2012,3857,0.12980269989615323
495,10307.0,2013,3862,0.12963443090485693
496,10307.0,2014,3869,0.18125323666493554
497,10307.0,2015,3884,0.38769707934867004
498,10307.0,2016,3902,0.4634397528321399
499,10307.0,2017,3919,0.43567401332649247
500,10307.0,2018,3921,0.05103342689460888
501,10307.0,2019,3958,0.9436368273399554
502,10308.0,2011,8292,
503,10308.0,2012,8298,0.07235890014472002
504,10308.0,2013,8301,0.03615328994939215
505,10308.0,2014,8325,0.2891217925551137
506,10308.0,2015,8333,0.09609609609608771
507,10308.0,2016,8337,0.048001920076812254
508,10308.0,2017,8350,0.15593139018832414
509,10308.0,2018,8377,0.32335329341317554
510,10308.0,2019,8382,0.05968723886833338
511,10309.0,2011,8857,
512,10309.0,2012,8934,0.8693688607880778
513,10309.0,2013,8990,0.6268188941123798
514,10309.0,2014,9058,0.7563959955506183
515,10309.0,2015,9099,0.4526385515566389
516,10309.0,2016,9139,0.4396087482140931
517,10309.0,2017,9182,0.47051099682677844
518,10309.0,2018,9231,0.5336527989544759
519,10309.0,2019,9367,1.4732965009208066
520,10310.0,2011,5575,
521,10310.0,2012,5590,0.2690582959641308
522,10310.0,2013,5593,0.05366726296958113
523,10310.0,2014,5602,0.16091543000178454
524,10310.0,2015,5604,0.0357015351660106
525,10310.0,2016,5611,0.12491077801570771
526,10310.0,2017,5627,0.2851541614685482
527,10310.0,2018,5634,0.12440021325750283
528,10310.0,2019,5644,0.17749378771743096
529,10312.0,2011,17855,
530,10312.0,2012,17964,0.6104732567908222
531,10312.0,2013,17985,0.1169004676018659
532,10312.0,2014,18028,0.23908812899637866
533,10312.0,2015,18087,0.32726869314398943
534,10312.0,2016,18128,0.22668214739869352
535,10312.0,2017,18172,0.24271844660195274
536,10312.0,2018,18224,0.2861545234426499
537,10312.0,2019,18264,0.21949078138718825
538,10314.0,2011,23929,
539,10314.0,2012,23932,0.012537088887953907
540,10314.0,2013,23946,0.05849908072872445
541,10314.0,2014,23987,0.17121857512736316
542,10314.0,2015,24061,0.30850043773711366
543,10314.0,2016,24215,0.6400398985910716
544,10314.0,2017,24258,0.17757588271731795
545,10314.0,2018,24307,0.20199521807238163
546,10314.0,2019,24340,0.13576336034886172
547,10451.0,2011,936,
548,10451.0,2012,946,1.0683760683760646
549,10451.0,2013,948,0.21141649048626032
550,10451.0,2014,945,-0.31645569620253333
551,10451.0,2015,945,0.0
552,10451.0,2016,946,0.10582010582009804
553,10451.0,2017,949,0.3171247357293794
554,10451.0,2018,941,-0.8429926238145424
555,10451.0,2019,946,0.5313496280552554
556,10452.0,2011,1098,
557,10452.0,2012,1099,0.09107468123861207
558,10452.0,2013,1098,-0.09099181073702889
559,10452.0,2014,1099,0.09107468123861207
560,10452.0,2015,1101,0.18198362147405778
561,10452.0,2016,1104,0.27247956403269047
562,10452.0,2017,1108,0.36231884057971175
563,10452.0,2018,1111,0.27075812274368616
564,10452.0,2019,1109,-0.18001800180017513
565,10453.0,2011,1723,
566,10453.0,2012,1726,0.17411491584444772
567,10453.0,2013,1733,0.4055619930475096
568,10453.0,2014,1730,-0.17311021350259193
569,10453.0,2015,1734,0.23121387283238093
570,10453.0,2016,1733,-0.057670126874276306
571,10453.0,2017,1734,0.057703404500863975
572,10453.0,2018,1733,-0.057670126874276306
573,10453.0,2019,1732,-0.057703404500863975
574,10454.0,2011,1136,
575,10454.0,2012,1136,0.0
576,10454.0,2013,1143,0.616197183098599
577,10454.0,2014,1142,-0.08748906386701893
578,10454.0,2015,1143,0.08756567425569628
579,10454.0,2016,1152,0.7874015748031482
580,10454.0,2017,1160,0.694444444444442
581,10454.0,2018,1168,0.6896551724137945
582,10454.0,2019,1173,0.42808219178083196
583,10455.0,2011,1351,
584,10455.0,2012,1355,0.2960769800148144
585,10455.0,2013,1361,0.44280442804427445
586,10455.0,2014,1358,-0.22042615723733006
587,10455.0,2015,1359,0.07363770250368162
588,10455.0,2016,1364,0.3679175864606421
589,10455.0,2017,1364,0.0
590,10455.0,2018,1366,0.14662756598240456
591,10455.0,2019,1368,0.14641288433381305
592,10456.0,2011,2589,
593,10456.0,2012,2582,-0.2703746620316694
594,10456.0,2013,2598,0.6196746707978207
595,10456.0,2014,2599,0.038491147036179285
596,10456.0,2015,2603,0.15390534821084767
597,10456.0,2016,2604,0.03841721091049077
598,10456.0,2017,2610,0.23041474654377225
599,10456.0,2018,2606,-0.15325670498084198
600,10456.0,2019,2615,0.3453568687643793
601,10457.0,2011,2286,
602,10457.0,2012,2296,0.43744531933507247
603,10457.0,2013,2300,0.17421602787457413
604,10457.0,2014,2293,-0.3043478260869592
605,10457.0,2015,2294,0.0436109899694781
606,10457.0,2016,2285,-0.39232781168264674
607,10457.0,2017,2289,0.1750547045951789
608,10457.0,2018,2302,0.5679335954565268
609,10457.0,2019,2310,0.3475238922675983
610,10458.0,2011,2294,
611,10458.0,2012,2290,-0.17436791630339732
612,10458.0,2013,2295,0.21834061135370675
613,10458.0,2014,2297,0.08714596949890296
614,10458.0,2015,2299,0.08707009142359112
615,10458.0,2016,2298,-0.043497172683770735
616,10458.0,2017,2306,0.3481288076588429
617,10458.0,2018,2306,0.0
618,10458.0,2019,2313,0.30355594102342565
619,10459.0,2011,2462,
620,10459.0,2012,2461,-0.04061738424046002
621,10459.0,2013,2470,0.365704997968308
622,10459.0,2014,2458,-0.4858299595141724
623,10459.0,2015,2440,-0.7323026851098424
624,10459.0,2016,2442,0.08196721311475308
625,10459.0,2017,2443,0.04095004095003851
626,10459.0,2018,2445,0.08186655751125649
627,10459.0,2019,2452,0.2862985685071484
628,10460.0,2011,2360,
629,10460.0,2012,2356,-0.16949152542372614
630,10460.0,2013,2362,0.2546689303905003
631,10460.0,2014,2361,-0.042337002540215884
632,10460.0,2015,2374,0.5506141465480674
633,10460.0,2016,2378,0.16849199663016012
634,10460.0,2017,2390,0.5046257359125228
635,10460.0,2018,2391,0.04184100418409553
636,10460.0,2019,2407,0.6691760769552468
637,10461.0,2011,6776,
638,10461.0,2012,6782,0.08854781582054994
639,10461.0,2013,6826,0.6487761722205887
640,10461.0,2014,6824,-0.029299736302368373
641,10461.0,2015,6823,-0.014654161781946229
642,10461.0,2016,6825,0.02931261908252214
643,10461.0,2017,6821,-0.05860805860805618
644,10461.0,2018,6824,0.043981820847394104
645,10461.0,2019,6819,-0.07327080890973114
646,10462.0,2011,16360,
647,10462.0,2012,16362,0.01222493887531595
648,10462.0,2013,16366,0.024446889133367122
649,10462.0,2014,16366,0.0
650,10462.0,2015,16362,-0.024440914090184673
651,10462.0,2016,16366,0.024446889133367122
652,10462.0,2017,16367,0.006110228522548944
653,10462.0,2018,16371,0.02443942078573791
654,10462.0,2019,16375,0.024433449392224915
655,10463.0,2011,2558,
656,10463.0,2012,2634,2.9710711493354136
657,10463.0,2013,2635,0.037965072133627764
658,10463.0,2014,2649,0.5313092979127187
659,10463.0,2015,2699,1.887504718761801
660,10463.0,2016,2695,-0.14820303816228675
661,10463.0,2017,2695,0.0
662,10463.0,2018,2689,-0.22263450834879572
663,10463.0,2019,2690,0.037188545927846484
664,10464.0,2011,1374,
665,10464.0,2012,1374,0.0
666,10464.0,2013,1381,0.5094614264919972
667,10464.0,2014,1380,-0.07241129616220032
668,10464.0,2015,1388,0.5797101449275255
669,10464.0,2016,1384,-0.2881844380403509
670,10464.0,2017,1387,0.21676300578035157
671,10464.0,2018,1430,3.100216294160063
672,10464.0,2019,1474,3.076923076923066
673,10465.0,2011,8159,
674,10465.0,2012,8158,-0.012256403971078189
675,10465.0,2013,8157,-0.012257906349599779
676,10465.0,2014,8159,0.02451881819296453
677,10465.0,2015,8168,0.1103076357396704
678,10465.0,2016,8169,0.012242899118519723
679,10465.0,2017,8172,0.03672420124862796
680,10465.0,2018,8187,0.18355359765052093
681,10465.0,2019,8194,0.08550140466594414
682,10466.0,2011,8609,
683,10466.0,2012,8637,0.3252410268323791
684,10466.0,2013,8630,-0.08104665971980785
685,10466.0,2014,8636,0.06952491309386577
686,10466.0,2015,8631,-0.05789717461788246
687,10466.0,2016,8643,0.13903371567605127
688,10466.0,2017,8649,0.06942034015966492
689,10466.0,2018,8655,0.06937218175511184
690,10466.0,2019,8656,0.011554015020220909
691,10467.0,2011,4348,
692,10467.0,2012,4356,0.18399264029438367
693,10467.0,2013,4362,0.13774104683195176
694,10467.0,2014,4379,0.3897294818890451
695,10467.0,2015,4382,0.06850879196163007
696,10467.0,2016,4392,0.22820629849384932
697,10467.0,2017,4392,0.0
698,10467.0,2018,4397,0.11384335154827063
699,10467.0,2019,4403,0.1364566750056806
700,10468.0,2011,1358,
701,10468.0,2012,1361,0.22091310751104487
702,10468.0,2013,1360,-0.07347538574578039
703,10468.0,2014,1361,0.07352941176470562
704,10468.0,2015,1368,0.5143277002204183
705,10468.0,2016,1364,-0.29239766081871066
706,10468.0,2017,1366,0.14662756598240456
707,10468.0,2018,1366,0.0
708,10468.0,2019,1372,0.43923865300146137
709,10469.0,2011,10626,
710,10469.0,2012,10702,0.7152268021833219
711,10469.0,2013,10692,-0.09344047841525205
712,10469.0,2014,10705,0.12158623269733493
713,10469.0,2015,10709,0.03736571695469593
714,10469.0,2016,10726,0.15874498085721722
715,10469.0,2017,10734,0.07458512026849995
716,10469.0,2018,10742,0.07452953232718329
717,10469.0,2019,10751,0.08378328058089579
718,10470.0,2011,2096,
719,10470.0,2012,2097,0.04770992366411875
720,10470.0,2013,2097,0.0
721,10470.0,2014,2098,0.04768717215068996
722,10470.0,2015,2097,-0.04766444232602307
723,10470.0,2016,2097,0.0
724,10470.0,2017,2097,0.0
725,10470.0,2018,2095,-0.09537434430137992
726,10470.0,2019,2098,0.14319809069212042
727,10471.0,2011,2206,
728,10471.0,2012,2224,0.8159564823209342
729,10471.0,2013,2231,0.3147482014388414
730,10471.0,2014,2237,0.26893769610041307
731,10471.0,2015,2248,0.49172999552973273
732,10471.0,2016,2250,0.0889679715302405
733,10471.0,2017,2253,0.13333333333334085
734,10471.0,2018,2256,0.13315579227697327
735,10471.0,2019,2257,0.04432624113475114
736,10472.0,2011,4008,
737,10472.0,2012,4008,0.0
738,10472.0,2013,4011,0.07485029940119681
739,10472.0,2014,4009,-0.049862877088002744
740,10472.0,2015,4007,-0.04988775255674316
741,10472.0,2016,4017,0.24956326428748898
742,10472.0,2017,4016,-0.024894199651481763
743,10472.0,2018,4018,0.04980079681276006
744,10472.0,2019,4023,0.1244400199104101
745,10473.0,2011,5436,
746,10473.0,2012,5429,-0.1287711552612203
747,10473.0,2013,5449,0.36839196905507077
748,10473.0,2014,5455,0.11011194714627415
749,10473.0,2015,5463,0.1466544454628682
750,10473.0,2016,5513,0.91524803221672
751,10473.0,2017,5521,0.14511155450753765
752,10473.0,2018,5519,-0.03622532149972768
753,10473.0,2019,5527,0.14495379597754265
754,10474.0,2011,480,
755,10474.0,2012,478,-0.4166666666666652
756,10474.0,2013,478,0.0
757,10474.0,2014,480,0.4184100418409997
758,10474.0,2015,478,-0.4166666666666652
759,10474.0,2016,477,-0.20920502092049986
760,10474.0,2017,477,0.0
761,10474.0,2018,477,0.0
762,10474.0,2019,475,-0.41928721174003813
763,10475.0,2011,490,
764,10475.0,2012,489,-0.20408163265306367
765,10475.0,2013,491,0.4089979550102152
766,10475.0,2014,494,0.6109979633401208
767,10475.0,2015,496,0.4048582995951344
768,10475.0,2016,496,0.0
769,10475.0,2017,495,-0.20161290322581182
770,10475.0,2018,496,0.20202020202020332
771,10475.0,2019,501,1.0080645161290258
772,10803.0,2011,45,
773,10803.0,2012,45,0.0
774,10803.0,2013,45,0.0
775,10803.0,2014,45,0.0
776,10803.0,2015,45,0.0
777,10803.0,2016,45,0.0
778,10803.0,2017,43,-4.444444444444439
779,10803.0,2018,45,4.651162790697683
780,10803.0,2019,1,-97.77777777777777
781,11001.0,2011,1196,
782,11001.0,2012,1196,0.0
783,11001.0,2013,1198,0.16722408026756952
784,11001.0,2014,1197,-0.08347245409014992
785,11001.0,2015,1198,0.08354218880535225
786,11001.0,2016,1198,0.0
787,11001.0,2017,1198,0.0
788,11001.0,2018,1197,-0.08347245409014992
789,11001.0,2019,1199,0.1670843776107045
790,11004.0,2011,2551,
791,11004.0,2012,2431,-4.704037632301061
792,11004.0,2013,2433,0.08227067050596837
793,11004.0,2014,2412,-0.8631319358816225
794,11004.0,2015,2412,0.0
795,11004.0,2016,2412,0.0
796,11004.0,2017,2412,0.0
797,11004.0,2018,2415,0.12437810945273853
798,11004.0,2019,2414,-0.041407867494824835
799,11005.0,2011,1,
800,11005.0,2012,1,0.0
801,11005.0,2013,1,0.0
802,11005.0,2014,1,0.0
803,11005.0,2015,1,0.0
804,11005.0,2016,1,0.0
805,11005.0,2017,1,0.0
806,11005.0,2018,1,0.0
807,11005.0,2019,1,0.0
808,11040.0,2011,431,
809,11040.0,2012,551,27.842227378190266
810,11040.0,2013,550,-0.1814882032667886
811,11040.0,2014,570,3.6363636363636376
812,11040.0,2015,570,0.0
813,11040.0,2016,570,0.0
814,11040.0,2017,570,0.0
815,11040.0,2018,567,-0.5263157894736858
816,11040.0,2019,567,0.0
817,11101.0,2011,2987,
818,11101.0,2012,3136,4.9882825577502565
819,11101.0,2013,3298,5.1658163265306145
820,11101.0,2014,3307,0.272892662219526
821,11101.0,2015,3407,3.0238887208950738
822,11101.0,2016,3414,0.20545934840034974
823,11101.0,2017,3471,1.6695957820738183
824,11101.0,2018,3646,5.041774704696045
825,11101.0,2019,3913,7.323093801426217
826,11102.0,2011,3548,
827,11102.0,2012,3636,2.4802705749718212
828,11102.0,2013,3676,1.1001100110010986
829,11102.0,2014,3691,0.4080522306855183
830,11102.0,2015,3689,-0.054185857491195755
831,11102.0,2016,3692,0.08132285172133269
832,11102.0,2017,3733,1.110509209100763
833,11102.0,2018,3763,0.8036431824270052
834,11102.0,2019,3789,0.6909380813181043
835,11103.0,2011,4076,
836,11103.0,2012,4094,0.4416094210009769
837,11103.0,2013,4166,1.7586712261846715
838,11103.0,2014,4195,0.6961113778204409
839,11103.0,2015,4192,-0.07151370679380209
840,11103.0,2016,4193,0.023854961832059374
841,11103.0,2017,4208,0.35773908895777584
842,11103.0,2018,4209,0.02376425855512565
843,11103.0,2019,4220,0.26134473746732834
844,11104.0,2011,2149,
845,11104.0,2012,2159,0.46533271288971
846,11104.0,2013,2157,-0.09263547938860306
847,11104.0,2014,2154,-0.13908205841446364
848,11104.0,2015,2151,-0.139275766016711
849,11104.0,2016,2151,0.0
850,11104.0,2017,2164,0.6043700604370095
851,11104.0,2018,2166,0.09242144177448175
852,11104.0,2019,2166,0.0
853,11105.0,2011,5290,
854,11105.0,2012,5323,0.6238185255198481
855,11105.0,2013,5323,0.0
856,11105.0,2014,5333,0.18786398647379077
857,11105.0,2015,5334,0.018751171948250267
858,11105.0,2016,5334,0.0
859,11105.0,2017,5331,-0.056242969628794715
860,11105.0,2018,5334,0.056274620146323784
861,11105.0,2019,5338,0.07499062617173369
862,11106.0,2011,2864,
863,11106.0,2012,3049,6.4594972067039125
864,11106.0,2013,3138,2.918989832732044
865,11106.0,2014,3135,-0.09560229445506607
866,11106.0,2015,3134,-0.03189792663477187
867,11106.0,2016,3130,-0.12763241863433805
868,11106.0,2017,3145,0.4792332268370503
869,11106.0,2018,3177,1.0174880763116123
870,11106.0,2019,3199,0.6924771797293117
871,11109.0,2011,193,
872,11109.0,2012,191,-1.0362694300518172
873,11109.0,2013,191,0.0
874,11109.0,2014,196,2.617801047120416
875,11109.0,2015,196,0.0
876,11109.0,2016,196,0.0
877,11109.0,2017,196,0.0
878,11109.0,2018,196,0.0
879,11109.0,2019,196,0.0
880,11139.0,2016,1,
881,11139.0,2017,1,0.0
882,11201.0,2011,6441,
883,11201.0,2012,6540,1.5370284117373068
884,11201.0,2013,7168,9.602446483180426
885,11201.0,2014,7277,1.520647321428581
886,11201.0,2015,7322,0.6183866978150432
887,11201.0,2016,7480,2.1578803605572183
888,11201.0,2017,7582,1.3636363636363669
889,11201.0,2018,7950,4.853600633078337
890,11201.0,2019,7997,0.5911949685534656
891,11203.0,2011,10444,
892,11203.0,2012,10435,-0.08617387973955948
893,11203.0,2013,10432,-0.028749401054140034
894,11203.0,2014,10431,-0.009585889570551398
895,11203.0,2015,10432,0.00958680855143168
896,11203.0,2016,10428,-0.03834355828220559
897,11203.0,2017,10423,-0.04794783275795522
898,11203.0,2018,10467,0.42214333685119954
899,11203.0,2019,10465,-0.01910767173020078
900,11204.0,2011,10310,
901,11204.0,2012,10440,1.2609117361784605
902,11204.0,2013,10478,0.3639846743294983
903,11204.0,2014,10479,0.009543806069856053
904,11204.0,2015,10509,0.28628685943314913
905,11204.0,2016,10515,0.05709391949757503
906,11204.0,2017,10504,-0.10461245839277211
907,11204.0,2018,10566,0.5902513328255976
908,11204.0,2019,10568,0.018928639030857397
909,11205.0,2011,4186,
910,11205.0,2012,4302,2.771141901576679
911,11205.0,2013,4353,1.1854951185495066
912,11205.0,2014,4418,1.493223064553173
913,11205.0,2015,4553,3.0556813037573516
914,11205.0,2016,4642,1.954755106523165
915,11205.0,2017,4840,4.2654028436019065
916,11205.0,2018,4889,1.0123966942148677
917,11205.0,2019,4943,1.1045203518101898
918,11206.0,2011,5245,
919,11206.0,2012,5389,2.745471877979022
920,11206.0,2013,5520,2.430877713861568
921,11206.0,2014,5555,0.6340579710145011
922,11206.0,2015,5658,1.8541854185418538
923,11206.0,2016,5715,1.0074231177094273
924,11206.0,2017,5752,0.6474190726159179
925,11206.0,2018,5837,1.4777468706536956
926,11206.0,2019,5927,1.541887956141852
927,11207.0,2011,10823,
928,11207.0,2012,10930,0.9886353136838277
929,11207.0,2013,10934,0.03659652333027896
930,11207.0,2014,10928,-0.0548747027620311
931,11207.0,2015,10949,0.19216691068812963
932,11207.0,2016,10955,0.05479952507079222
933,11207.0,2017,10968,0.11866727521678833
934,11207.0,2018,10998,0.273522975929974
935,11207.0,2019,11038,0.36370249136206123
936,11208.0,2011,10272,
937,11208.0,2012,10067,-1.9957165109034225
938,11208.0,2013,10054,-0.12913479686103013
939,11208.0,2014,10185,1.3029639944300841
940,11208.0,2015,10198,0.12763868433971481
941,11208.0,2016,10197,-0.009805844283194975
942,11208.0,2017,10204,0.06864764146317093
943,11208.0,2018,10207,0.02940023520188184
944,11208.0,2019,10228,0.20574115802880488
945,11209.0,2011,8599,
946,11209.0,2012,8706,1.2443307361321043
947,11209.0,2013,8733,0.3101309441764233
948,11209.0,2014,8725,-0.09160654986831718
949,11209.0,2015,8775,0.5730659025787954
950,11209.0,2016,8784,0.10256410256410664
951,11209.0,2017,8785,0.011384335154818181
952,11209.0,2018,8798,0.1479795105293169
953,11209.0,2019,8760,-0.4319163446237728
954,11210.0,2011,8130,
955,11210.0,2012,8144,0.17220172201721784
956,11210.0,2013,8158,0.17190569744596207
957,11210.0,2014,8148,-0.12257906349595338
958,11210.0,2015,8148,0.0
959,11210.0,2016,8146,-0.02454590083456054
960,11210.0,2017,8131,-0.18413945494721862
961,11210.0,2018,8145,0.17218054359857682
962,11210.0,2019,8148,0.0368324125230135
963,11211.0,2011,10422,
964,11211.0,2012,11392,9.307234695835742
965,11211.0,2013,11480,0.77247191011236
966,11211.0,2014,7070,-38.41463414634146
967,11211.0,2015,7164,1.3295615275813244
968,11211.0,2016,7209,0.628140703517599
969,11211.0,2017,7398,2.621722846441954
970,11211.0,2018,7507,1.4733711814003847
971,11211.0,2019,7641,1.7850006660450335
972,11212.0,2011,5651,
973,11212.0,2012,5625,-0.46009555830826
974,11212.0,2013,5616,-0.16000000000000458
975,11212.0,2014,5621,0.08903133903133131
976,11212.0,2015,5617,-0.07116171499733648
977,11212.0,2016,5613,-0.07121239095602139
978,11212.0,2017,5607,-0.1068947087119243
979,11212.0,2018,5616,0.16051364365972098
980,11212.0,2019,5617,0.017806267806275144
981,11213.0,2011,4995,
982,11213.0,2012,5029,0.6806806806806787
983,11213.0,2013,4989,-0.7953867568105011
984,11213.0,2014,5048,1.1826017237923425
985,11213.0,2015,5065,0.33676703645006967
986,11213.0,2016,5049,-0.3158933859822355
987,11213.0,2017,5068,0.37631214101803145
988,11213.0,2018,5092,0.47355958958168465
989,11213.0,2019,5093,0.019638648860964558
990,11214.0,2011,9958,
991,11214.0,2012,9996,0.38160273147218593
992,11214.0,2013,9992,-0.04001600640256564
993,11214.0,2014,10043,0.510408326661338
994,11214.0,2015,10115,0.7169172558000536
995,11214.0,2016,10189,0.7315867523479902
996,11214.0,2017,10239,0.490725291981553
997,11214.0,2018,10272,0.3222970993260965
998,11214.0,2019,10321,0.4770249221183853
999,11215.0,2011,10545,
1000,11215.0,2012,10779,2.219061166429581
1001,11215.0,2013,10854,0.6957973838018328
1002,11215.0,2014,10897,0.3961673115902009
1003,11215.0,2015,10937,0.36707350646967285
1004,11215.0,2016,10981,0.40230410533053096
1005,11215.0,2017,11042,0.5555049631181141
1006,11215.0,2018,11145,0.9328020286180072
1007,11215.0,2019,11231,0.7716464782413723
1008,11216.0,2011,5969,
1009,11216.0,2012,6001,0.5361031998659671
1010,11216.0,2013,6083,1.3664389268455368
1011,11216.0,2014,6109,0.4274206805852332
1012,11216.0,2015,6149,0.6547716483876309
1013,11216.0,2016,6181,0.5204098227354015
1014,11216.0,2017,6323,2.2973628862643647
1015,11216.0,2018,6351,0.4428277716273854
1016,11216.0,2019,6490,2.188631711541489
1017,11217.0,2011,4903,
1018,11217.0,2012,4944,0.8362227207831863
1019,11217.0,2013,5000,1.132686084142387
1020,11217.0,2014,5181,3.620000000000001
1021,11217.0,2015,5162,-0.36672457054622853
1022,11217.0,2016,5170,0.15497869043006318
1023,11217.0,2017,5224,1.0444874274661453
1024,11217.0,2018,5276,0.9954058192955584
1025,11217.0,2019,5518,4.586808188021219
1026,11218.0,2011,7210,
1027,11218.0,2012,7304,1.3037447988904383
1028,11218.0,2013,7328,0.3285870755750375
1029,11218.0,2014,7333,0.06823144104803891
1030,11218.0,2015,7342,0.12273285149324575
1031,11218.0,2016,7355,0.1770634704440166
1032,11218.0,2017,7329,-0.353501019714475
1033,11218.0,2018,7377,0.6549324600900519
1034,11218.0,2019,7385,0.10844516741221888
1035,11219.0,2011,9246,
1036,11219.0,2012,9293,0.5083279255894357
1037,11219.0,2013,9394,1.0868395566555389
1038,11219.0,2014,9446,0.5535448158398903
1039,11219.0,2015,9513,0.7092949396569903
1040,11219.0,2016,9584,0.7463471039629965
1041,11219.0,2017,9670,0.8973288814691172
1042,11219.0,2018,9784,1.1789038262667972
1043,11219.0,2019,9957,1.768192968111193
1044,11220.0,2011,8740,
1045,11220.0,2012,8865,1.4302059496567487
1046,11220.0,2013,8926,0.6880992667794628
1047,11220.0,2014,8961,0.39211292852341373
1048,11220.0,2015,8994,0.36826247070640417
1049,11220.0,2016,9001,0.07782966422058557
1050,11220.0,2017,8997,-0.04443950672147201
1051,11220.0,2018,9028,0.3445592975436229
1052,11220.0,2019,9041,0.14399645547187312
1053,11221.0,2011,8483,
1054,11221.0,2012,8503,0.23576564894494112
1055,11221.0,2013,8527,0.2822533223568069
1056,11221.0,2014,8542,0.1759118095461476
1057,11221.0,2015,8598,0.6555841723249856
1058,11221.0,2016,8613,0.17445917655267706
1059,11221.0,2017,8670,0.6617903169627404
1060,11221.0,2018,8757,1.003460207612461
1061,11221.0,2019,8799,0.47961630695443347
1062,11222.0,2011,4951,
1063,11222.0,2012,5198,4.988891133104434
1064,11222.0,2013,5304,2.0392458637937594
1065,11222.0,2014,5320,0.3016591251885359
1066,11222.0,2015,5383,1.1842105263157876
1067,11222.0,2016,5404,0.39011703511053764
1068,11222.0,2017,5436,0.5921539600296066
1069,11222.0,2018,5541,1.9315673289183266
1070,11222.0,2019,5683,2.562714311496128
1071,11223.0,2011,9921,
1072,11223.0,2012,10082,1.622820280213677
1073,11223.0,2013,10110,0.2777226740726002
1074,11223.0,2014,10118,0.07912957467852699
1075,11223.0,2015,10145,0.266851156355008
1076,11223.0,2016,10197,0.5125677673730955
1077,11223.0,2017,10181,-0.15690889477297798
1078,11223.0,2018,10169,-0.11786661428150325
1079,11223.0,2019,10224,0.540859474874611
1080,11224.0,2011,3233,
1081,11224.0,2012,3239,0.18558614290133946
1082,11224.0,2013,3241,0.0617474529175599
1083,11224.0,2014,3259,0.5553841406973126
1084,11224.0,2015,3286,0.8284749923289425
1085,11224.0,2016,3278,-0.24345709068777088
1086,11224.0,2017,3271,-0.2135448444173238
1087,11224.0,2018,3282,0.33628859675940426
1088,11224.0,2019,3287,0.15234613040828737
1089,11225.0,2011,3892,
1090,11225.0,2012,3909,0.43679342240492414
1091,11225.0,2013,3999,2.3023791250959436
1092,11225.0,2014,4000,0.02500625156289793
1093,11225.0,2015,3999,-0.024999999999997247
1094,11225.0,2016,4012,0.32508127031758427
1095,11225.0,2017,4023,0.2741774675972142
1096,11225.0,2018,4036,0.32314193388018886
1097,11225.0,2019,4093,1.4122893954410243
1098,11226.0,2011,5123,
1099,11226.0,2012,5141,0.3513566269763846
1100,11226.0,2013,5149,0.15561174868703453
1101,11226.0,2014,5151,0.0388424936880849
1102,11226.0,2015,5194,0.8347893612890678
1103,11226.0,2016,5204,0.1925298421255217
1104,11226.0,2017,5236,0.6149116064565696
1105,11226.0,2018,5223,-0.24828113063407597
1106,11226.0,2019,5324,1.9337545471950879
1107,11227.0,2011,3,
1108,11227.0,2012,2,-33.333333333333336
1109,11227.0,2013,2,0.0
1110,11227.0,2014,2,0.0
1111,11227.0,2015,2,0.0
1112,11227.0,2016,1,-50.0
1113,11227.0,2017,1,0.0
1114,11227.0,2018,1,0.0
1115,11228.0,2011,7964,
1116,11228.0,2012,7953,-0.13812154696132284
1117,11228.0,2013,7957,0.05029548598012301
1118,11228.0,2014,7970,0.16337815759708274
1119,11228.0,2015,7982,0.15056461731492998
1120,11228.0,2016,7989,0.08769731896767219
1121,11228.0,2017,8000,0.13768932281887913
1122,11228.0,2018,7995,-0.06249999999999867
1123,11228.0,2019,7997,0.025015634771730078
1124,11229.0,2011,11861,
1125,11229.0,2012,11868,0.059016946294576655
1126,11229.0,2013,11892,0.2022244691607611
1127,11229.0,2014,11912,0.16818028927010342
1128,11229.0,2015,11978,0.5540631296171883
1129,11229.0,2016,11986,0.06678911337452131
1130,11229.0,2017,12002,0.13348907058234882
1131,11229.0,2018,12016,0.11664722546242956
1132,11229.0,2019,12231,1.7892809587217062
1133,11230.0,2011,7890,
1134,11230.0,2012,7872,-0.22813688212928174
1135,11230.0,2013,7940,0.8638211382113736
1136,11230.0,2014,8010,0.881612090680095
1137,11230.0,2015,8047,0.4619225967540608
1138,11230.0,2016,8043,-0.049707965701506485
1139,11230.0,2017,8083,0.4973268680840581
1140,11230.0,2018,8100,0.21031795125572295
1141,11230.0,2019,8186,1.061728395061734
1142,11231.0,2011,5179,
1143,11231.0,2012,5289,2.1239621548561516
1144,11231.0,2013,5333,0.8319152958971454
1145,11231.0,2014,5382,0.9188074254640854
1146,11231.0,2015,5445,1.17056856187292
1147,11231.0,2016,5485,0.7346189164370909
1148,11231.0,2017,5532,0.856882406563364
1149,11231.0,2018,5621,1.608821402747651
1150,11231.0,2019,5643,0.391389432485334
1151,11232.0,2011,2487,
1152,11232.0,2012,2525,1.5279453156413325
1153,11232.0,2013,2530,0.1980198019801982
1154,11232.0,2014,2548,0.7114624505928813
1155,11232.0,2015,2572,0.9419152276295195
1156,11232.0,2016,2585,0.5054432348367
1157,11232.0,2017,2608,0.8897485493230217
1158,11232.0,2018,2617,0.34509202453987253
1159,11232.0,2019,2616,-0.038211692777989636
1160,11233.0,2011,7657,
1161,11233.0,2012,7661,0.052239780592922
1162,11233.0,2013,7655,-0.07831875734238825
1163,11233.0,2014,7652,-0.03919007184846057
1164,11233.0,2015,7647,-0.06534239414531795
1165,11233.0,2016,7642,-0.06538511834706107
1166,11233.0,2017,7655,0.17011253598533393
1167,11233.0,2018,7690,0.4572175048987548
1168,11233.0,2019,7736,0.5981794538361562
1169,11234.0,2011,19030,
1170,11234.0,2012,19031,0.00525486074618442
1171,11234.0,2013,19028,-0.015763753875253084
1172,11234.0,2014,19029,0.005255413075477833
1173,11234.0,2015,19041,0.06306164275580173
1174,11234.0,2016,19040,-0.005251825009189304
1175,11234.0,2017,19040,0.0
1176,11234.0,2018,19043,0.01575630252101945
1177,11234.0,2019,19050,0.03675891403664977
1178,11235.0,2011,9723,
1179,11235.0,2012,9770,0.4833899002365527
1180,11235.0,2013,9837,0.6857727737973329
1181,11235.0,2014,9914,0.7827589712310568
1182,11235.0,2015,9936,0.2219084123461723
1183,11235.0,2016,10037,1.0165056360708524
1184,11235.0,2017,10220,1.8232539603467268
1185,11235.0,2018,10303,0.8121330724070397
1186,11235.0,2019,10481,1.7276521401533573
1187,11236.0,2011,14585,
1188,11236.0,2012,14589,0.027425437092909455
1189,11236.0,2013,14589,0.0
1190,11236.0,2014,14595,0.041126876413732916
1191,11236.0,2015,14597,0.013703323055835881
1192,11236.0,2016,14633,0.24662601904501535
1193,11236.0,2017,14645,0.08200642383653367
1194,11236.0,2018,14643,-0.013656538067596813
1195,11236.0,2019,14647,0.027316806665300675
1196,11237.0,2011,3791,
1197,11237.0,2012,3881,2.374043787918745
1198,11237.0,2013,3874,-0.18036588508116846
1199,11237.0,2014,3902,0.7227671657201951
1200,11237.0,2015,3911,0.23065094823166987
1201,11237.0,2016,3910,-0.025568908207618257
1202,11237.0,2017,3948,0.9718670076726443
1203,11237.0,2018,3978,0.7598784194528863
1204,11237.0,2019,4016,0.9552538964303636
1205,11238.0,2011,5820,
1206,11238.0,2012,6062,4.158075601374578
1207,11238.0,2013,6126,1.0557571758495587
1208,11238.0,2014,6221,1.5507672216780843
1209,11238.0,2015,6275,0.8680276482880611
1210,11238.0,2016,6336,0.9721115537848712
1211,11238.0,2017,6512,2.777777777777768
1212,11238.0,2018,6962,6.91031941031941
1213,11238.0,2019,7023,0.8761850043091046
1214,11239.0,2011,173,
1215,11239.0,2012,394,127.74566473988438
1216,11239.0,2013,394,0.0
1217,11239.0,2014,448,13.705583756345185
1218,11239.0,2015,455,1.5625
1219,11239.0,2016,521,14.505494505494498
1220,11239.0,2017,609,16.890595009596932
1221,11239.0,2018,618,1.4778325123152802
1222,11239.0,2019,620,0.3236245954692629
1223,11242.0,2011,1,
1224,11242.0,2012,1,0.0
1225,11242.0,2013,1,0.0
1226,11242.0,2014,1,0.0
1227,11242.0,2015,1,0.0
1228,11242.0,2016,1,0.0
1229,11242.0,2017,1,0.0
1230,11242.0,2018,1,0.0
1231,11242.0,2019,1,0.0
1232,11243.0,2011,181,
1233,11243.0,2012,180,-0.5524861878453025
1234,11243.0,2013,180,0.0
1235,11249.0,2014,4564,
1236,11249.0,2015,4599,0.7668711656441785
1237,11249.0,2016,4544,-1.19591215481627
1238,11249.0,2017,4953,9.000880281690149
1239,11249.0,2018,5119,3.351504138905703
1240,11249.0,2019,5461,6.680992381324469
1241,11251.0,2017,3,
1242,11251.0,2018,3,0.0
1243,11251.0,2019,3,0.0
1244,11354.0,2011,6273,
1245,11354.0,2012,6730,7.285190498963812
1246,11354.0,2013,6761,0.4606240713224352
1247,11354.0,2014,6868,1.582606123354524
1248,11354.0,2015,6962,1.3686662783925385
1249,11354.0,2016,7060,1.4076414823326555
1250,11354.0,2017,7049,-0.1558073654390979
1251,11354.0,2018,7783,10.41282451411547
1252,11354.0,2019,8115,4.2657073108056
1253,11355.0,2011,9059,
1254,11355.0,2012,9346,3.168120101556471
1255,11355.0,2013,9470,1.326770811042155
1256,11355.0,2014,9488,0.19007391763463666
1257,11355.0,2015,9668,1.8971332209106295
1258,11355.0,2016,9911,2.513446421183274
1259,11355.0,2017,9994,0.8374533346786395
1260,11355.0,2018,10019,0.25015009005402433
1261,11355.0,2019,10066,0.4691086934823785
1262,11356.0,2011,4625,
1263,11356.0,2012,4625,0.0
1264,11356.0,2013,4645,0.432432432432428
1265,11356.0,2014,4765,2.583423035522059
1266,11356.0,2015,4814,1.028331584470088
1267,11356.0,2016,4812,-0.041545492314087884
1268,11356.0,2017,4820,0.16625103906899863
1269,11356.0,2018,4817,-0.06224066390041472
1270,11356.0,2019,4847,0.6227942702927036
1271,11357.0,2011,9531,
1272,11357.0,2012,9529,-0.02098415696148992
1273,11357.0,2013,9549,0.20988561234127623
1274,11357.0,2014,9547,-0.020944601528960494
1275,11357.0,2015,9550,0.03142348381690585
1276,11357.0,2016,9554,0.041884816753934295
1277,11357.0,2017,9556,0.02093364036006573
1278,11357.0,2018,9558,0.020929259104218723
1279,11357.0,2019,9593,0.3661853944339821
1280,11358.0,2011,8466,
1281,11358.0,2012,8474,0.09449562957712931
1282,11358.0,2013,8511,0.4366296908189682
1283,11358.0,2014,8507,-0.046998002584885956
1284,11358.0,2015,8509,0.0235100505466157
1285,11358.0,2016,8510,0.011752262310493755
1286,11358.0,2017,8505,-0.0587544065804968
1287,11358.0,2018,8510,0.05878894767783471
1288,11358.0,2019,8514,0.04700352526438856
1289,11359.0,2011,1,
1290,11360.0,2011,4385,
1291,11360.0,2012,4404,0.43329532497149437
1292,11360.0,2013,4403,-0.02270663033605569
1293,11360.0,2014,4404,0.02271178741766189
1294,11360.0,2015,4403,-0.02270663033605569
1295,11360.0,2016,4405,0.04542357483534598
1296,11360.0,2017,4403,-0.0454029511918308
1297,11360.0,2018,4404,0.02271178741766189
1298,11360.0,2019,4406,0.04541326067211138
1299,11361.0,2011,6106,
1300,11361.0,2012,6121,0.24566000655092957
1301,11361.0,2013,6123,0.03267439960790153
1302,11361.0,2014,6121,-0.03266372693124797
1303,11361.0,2015,6123,0.03267439960790153
1304,11361.0,2016,6154,0.5062877674342658
1305,11361.0,2017,6151,-0.04874878128047211
1306,11361.0,2018,6147,-0.06503007641034397
1307,11361.0,2019,6162,0.24402147388971063
1308,11362.0,2011,3960,
1309,11362.0,2012,3957,-0.07575757575757347
1310,11362.0,2013,3958,0.025271670457427398
1311,11362.0,2014,3962,0.10106114199091021
1312,11362.0,2015,3961,-0.025239777889951576
1313,11362.0,2016,3967,0.15147689977279555
1314,11362.0,2017,3970,0.07562389715149997
1315,11362.0,2018,3970,0.0
1316,11362.0,2019,3969,-0.025188916876572875
1317,11363.0,2011,1976,
1318,11363.0,2012,1971,-0.25303643724696734
1319,11363.0,2013,1973,0.10147133434805777
1320,11363.0,2014,1975,0.10136847440445074
1321,11363.0,2015,1976,0.05063291139240089
1322,11363.0,2016,1976,0.0
1323,11363.0,2017,1977,0.05060728744938903
1324,11363.0,2018,1979,0.10116337885686111
1325,11363.0,2019,1980,0.050530570995444
1326,11364.0,2011,6458,
1327,11364.0,2012,6431,-0.4180860947661791
1328,11364.0,2013,6431,0.0
1329,11364.0,2014,6430,-0.015549681231530332
1330,11364.0,2015,6427,-0.04665629860031162
1331,11364.0,2016,6427,0.0
1332,11364.0,2017,6428,0.015559358954408964
1333,11364.0,2018,6433,0.0777846919726155
1334,11364.0,2019,6433,0.0
1335,11365.0,2011,6872,
1336,11365.0,2012,6886,0.20372526193248586
1337,11365.0,2013,6934,0.6970665117630004
1338,11365.0,2014,6940,0.08653014133257475
1339,11365.0,2015,6975,0.5043227665705974
1340,11365.0,2016,6992,0.24372759856630122
1341,11365.0,2017,6978,-0.20022883295194305
1342,11365.0,2018,6989,0.15763829177415367
1343,11365.0,2019,6986,-0.04292459579339214
1344,11366.0,2011,3597,
1345,11366.0,2012,3596,-0.027800945232137053
1346,11366.0,2013,3598,0.05561735261401246
1347,11366.0,2014,3598,0.0
1348,11366.0,2015,3594,-0.11117287381878782
1349,11366.0,2016,3593,-0.027824151363387006
1350,11366.0,2017,3596,0.08349568605621194
1351,11366.0,2018,3621,0.6952169076752002
1352,11366.0,2019,3620,-0.02761668047500665
1353,11367.0,2011,5513,
1354,11367.0,2012,5510,-0.054416832940318294
1355,11367.0,2013,5508,-0.03629764065335994
1356,11367.0,2014,5505,-0.05446623093682268
1357,11367.0,2015,5505,0.0
1358,11367.0,2016,5505,0.0
1359,11367.0,2017,5505,0.0
1360,11367.0,2018,5501,-0.07266121707538709
1361,11367.0,2019,5502,0.018178512997635288
1362,11368.0,2011,7809,
1363,11368.0,2012,7941,1.6903572800614608
1364,11368.0,2013,8041,1.2592872434202151
1365,11368.0,2014,8045,0.049745056584993286
1366,11368.0,2015,8104,0.7333747669359791
1367,11368.0,2016,8114,0.12339585389931074
1368,11368.0,2017,8156,0.5176238599950755
1369,11368.0,2018,8202,0.5640019617459524
1370,11368.0,2019,8239,0.4511094854913411
1371,11369.0,2011,4991,
1372,11369.0,2012,4995,0.0801442596674029
1373,11369.0,2013,5006,0.22022022022021304
1374,11369.0,2014,5007,0.019976028765489318
1375,11369.0,2015,5014,0.1398042740163863
1376,11369.0,2016,5017,0.05983246908656259
1377,11369.0,2017,5022,0.09966115208290827
1378,11369.0,2018,5022,0.0
1379,11369.0,2019,5028,0.11947431302270495
1380,11370.0,2011,5044,
1381,11370.0,2012,5046,0.03965107057890549
1382,11370.0,2013,5045,-0.019817677368216824
1383,11370.0,2014,5045,0.0
1384,11370.0,2015,5044,-0.01982160555005219
1385,11370.0,2016,5044,0.0
1386,11370.0,2017,5035,-0.1784298176050747
1387,11370.0,2018,5036,0.019860973187690867
1388,11370.0,2019,5046,0.19857029388403724
1389,11371.0,2011,1,
1390,11371.0,2012,1,0.0
1391,11371.0,2013,1,0.0
1392,11371.0,2014,1,0.0
1393,11371.0,2015,1,0.0
1394,11371.0,2016,1,0.0
1395,11371.0,2017,1,0.0
1396,11371.0,2018,1,0.0
1397,11371.0,2019,1,0.0
1398,11372.0,2011,3167,
1399,11372.0,2012,3170,0.0947268708556992
1400,11372.0,2013,3197,0.8517350157728698
1401,11372.0,2014,3197,0.0
1402,11372.0,2015,3196,-0.03127932436659542
1403,11372.0,2016,3240,1.3767209011264159
1404,11372.0,2017,3238,-0.06172839506173311
1405,11372.0,2018,3241,0.09264978381717803
1406,11372.0,2019,3262,0.647948164146861
1407,11373.0,2011,8806,
1408,11373.0,2012,8634,-1.9532137179195996
1409,11373.0,2013,8650,0.18531387537641386
1410,11373.0,2014,8661,0.12716763005780063
1411,11373.0,2015,8706,0.5195704883962593
1412,11373.0,2016,8744,0.4364805881001521
1413,11373.0,2017,8769,0.2859103385178363
1414,11373.0,2018,8805,0.4105371193978691
1415,11373.0,2019,8858,0.6019307211811542
1416,11374.0,2011,4300,
1417,11374.0,2012,4330,0.6976744186046435
1418,11374.0,2013,4340,0.23094688221709792
1419,11374.0,2014,4336,-0.09216589861751334
1420,11374.0,2015,4590,5.8579335793357945
1421,11374.0,2016,4607,0.37037037037037646
1422,11374.0,2017,4638,0.6728890818319844
1423,11374.0,2018,4636,-0.04312203536006587
1424,11374.0,2019,4724,1.8981880931837836
1425,11375.0,2011,7762,
1426,11375.0,2012,7788,0.33496521515072875
1427,11375.0,2013,7789,0.012840267077551815
1428,11375.0,2014,7794,0.06419309282321706
1429,11375.0,2015,7810,0.20528611752630432
1430,11375.0,2016,7810,0.0
1431,11375.0,2017,7928,1.5108834827144646
1432,11375.0,2018,7929,0.012613521695259422
1433,11375.0,2019,7996,0.8449993694034541
1434,11377.0,2011,7580,
1435,11377.0,2012,7606,0.3430079155672727
1436,11377.0,2013,7745,1.827504601630281
1437,11377.0,2014,7766,0.2711426726920596
1438,11377.0,2015,7796,0.3862992531547871
1439,11377.0,2016,7802,0.0769625448948208
1440,11377.0,2017,7776,-0.33324788515765036
1441,11377.0,2018,7853,0.9902263374485631
1442,11377.0,2019,7856,0.038201961033990095
1443,11378.0,2011,7196,
1444,11378.0,2012,7197,0.013896609227348478
1445,11378.0,2013,7205,0.11115742670557704
1446,11378.0,2014,7202,-0.04163775156141858
1447,11378.0,2015,7208,0.08331019161345043
1448,11378.0,2016,7208,0.0
1449,11378.0,2017,7210,0.02774694783573839
1450,11378.0,2018,7209,-0.013869625520113171
1451,11378.0,2019,7206,-0.04161464835622519
1452,11379.0,2011,8523,
1453,11379.0,2012,8750,2.6633814384606325
1454,11379.0,2013,8750,0.0
1455,11379.0,2014,8725,-0.28571428571428914
1456,11379.0,2015,8729,0.04584527220630186
1457,11379.0,2016,8730,0.011456065986936714
1458,11379.0,2017,8730,0.0
1459,11379.0,2018,8732,0.02290950744558984
1460,11379.0,2019,8733,0.01145213009619006
1461,11385.0,2011,13902,
1462,11385.0,2012,13918,0.11509135376204238
1463,11385.0,2013,13974,0.40235666043972884
1464,11385.0,2014,13979,0.035780735651935736
1465,11385.0,2015,13981,0.014307175048289267
1466,11385.0,2016,13978,-0.02145769258279362
1467,11385.0,2017,14007,0.20746887966804906
1468,11385.0,2018,14010,0.021417862497319362
1469,11385.0,2019,14017,0.0499643112062742
1470,11411.0,2011,5158,
1471,11411.0,2012,5159,0.019387359441647156
1472,11411.0,2013,5157,-0.03876720294631042
1473,11411.0,2014,5158,0.01939111886755107
1474,11411.0,2015,5163,0.09693679720821358
1475,11411.0,2016,5163,0.0
1476,11411.0,2017,5163,0.0
1477,11411.0,2018,5163,0.0
1478,11411.0,2019,5162,-0.019368584156498336
1479,11412.0,2011,8349,
1480,11412.0,2012,8440,1.0899508923224444
1481,11412.0,2013,8442,0.023696682464446894
1482,11412.0,2014,8459,0.2013740819710952
1483,11412.0,2015,8460,0.011821728336691706
1484,11412.0,2016,8460,0.0
1485,11412.0,2017,8452,-0.09456264775413725
1486,11412.0,2018,8447,-0.05915759583530189
1487,11412.0,2019,8452,0.05919261276192689
1488,11413.0,2011,9428,
1489,11413.0,2012,9336,-0.9758167161646125
1490,11413.0,2013,9344,0.08568980291345785
1491,11413.0,2014,9333,-0.11772260273972268
1492,11413.0,2015,9343,0.10714668381013315
1493,11413.0,2016,9338,-0.05351600128438161
1494,11413.0,2017,9338,0.0
1495,11413.0,2018,9347,0.09638038123795933
1496,11413.0,2019,9353,0.06419171926821399
1497,11414.0,2011,6413,
1498,11414.0,2012,6408,-0.0779666302822446
1499,11414.0,2013,6410,0.03121098626717167
1500,11414.0,2014,6419,0.1404056162246592
1501,11414.0,2015,6416,-0.046736251752610425
1502,11414.0,2016,6427,0.1714463840398972
1503,11414.0,2017,6428,0.015559358954408964
1504,11414.0,2018,6428,0.0
1505,11414.0,2019,6429,0.015556938394523101
1506,11415.0,2011,1428,
1507,11415.0,2012,1461,2.310924369747891
1508,11415.0,2013,1568,7.32375085557837
1509,11415.0,2014,1566,-0.12755102040816757
1510,11415.0,2015,1566,0.0
1511,11415.0,2016,1569,0.19157088122605526
1512,11415.0,2017,1567,-0.1274697259400881
1513,11415.0,2018,1609,2.680280791320988
1514,11415.0,2019,1607,-0.12430080795524656
1515,11416.0,2011,3717,
1516,11416.0,2012,3720,0.08071025020177647
1517,11416.0,2013,3719,-0.026881720430105283
1518,11416.0,2014,3599,-3.2266738370529735
1519,11416.0,2015,3599,0.0
1520,11416.0,2016,3597,-0.055570991942210934
1521,11416.0,2017,3598,0.027800945232137053
1522,11416.0,2018,3597,-0.027793218454696955
1523,11416.0,2019,3599,0.055601890464274106
1524,11417.0,2011,5687,
1525,11417.0,2012,5690,0.05275189027607041
1526,11417.0,2013,5692,0.035149384885757584
1527,11417.0,2014,5719,0.47434996486297454
1528,11417.0,2015,5718,-0.01748557440112153
1529,11417.0,2016,5724,0.10493179433368471
1530,11417.0,2017,5725,0.017470300489175195
1531,11417.0,2018,5731,0.1048034934497899
1532,11417.0,2019,5727,-0.06979584714709164
1533,11418.0,2011,5036,
1534,11418.0,2012,5098,1.2311358220810087
1535,11418.0,2013,5086,-0.23538642604943316
1536,11418.0,2014,5086,0.0
1537,11418.0,2015,5096,0.19661816751868066
1538,11418.0,2016,5092,-0.07849293563578774
1539,11418.0,2017,5086,-0.11783189316575404
1540,11418.0,2018,5086,0.0
1541,11418.0,2019,5088,0.039323633503740574
1542,11419.0,2011,7181,
1543,11419.0,2012,7180,-0.013925637097900179
1544,11419.0,2013,7186,0.08356545961003548
1545,11419.0,2014,7185,-0.013915947676035323
1546,11419.0,2015,7184,-0.013917884481562393
1547,11419.0,2016,7190,0.08351893095768226
1548,11419.0,2017,7153,-0.5146036161335132
1549,11419.0,2018,7152,-0.013980148189574049
1550,11419.0,2019,7153,0.013982102908283167
1551,11420.0,2011,8998,
1552,11420.0,2012,8998,0.0
1553,11420.0,2013,8999,0.01111358079572966
1554,11420.0,2014,9003,0.044449383264799636
1555,11420.0,2015,8998,-0.0555370432078206
1556,11420.0,2016,8999,0.01111358079572966
1557,11420.0,2017,8988,-0.1222358039782212
1558,11420.0,2018,8992,0.044503782821547766
1559,11420.0,2019,8993,0.011120996441271735
1560,11421.0,2011,6130,
1561,11421.0,2012,6133,0.04893964110930238
1562,11421.0,2013,6129,-0.06522093592042921
1563,11421.0,2014,6131,0.032631750693434824
1564,11421.0,2015,6134,0.048931658783235576
1565,11421.0,2016,6134,0.0
1566,11421.0,2017,6130,-0.06521030322791388
1567,11421.0,2018,6128,-0.032626427406201586
1568,11421.0,2019,6130,0.032637075718011666
1569,11422.0,2011,6532,
1570,11422.0,2012,6528,-0.06123698714023407
1571,11422.0,2013,6529,0.015318627450988664
1572,11422.0,2014,6539,0.15316281206922966
1573,11422.0,2015,6536,-0.04587857470561563
1574,11422.0,2016,6545,0.13769889840882232
1575,11422.0,2017,6542,-0.04583651642474651
1576,11422.0,2018,6542,0.0
1577,11422.0,2019,6545,0.04585753592174502
1578,11423.0,2011,4963,
1579,11423.0,2012,4966,0.060447310094691176
1580,11423.0,2013,4971,0.10068465565846729
1581,11423.0,2014,4970,-0.020116676725001614
1582,11423.0,2015,4974,0.08048289738431524
1583,11423.0,2016,4974,0.0
1584,11423.0,2017,4972,-0.040209087253717524
1585,11423.0,2018,4973,0.02011263073209424
1586,11423.0,2019,4975,0.040217172732748274
1587,11426.0,2011,4300,
1588,11426.0,2012,4301,0.023255813953482196
1589,11426.0,2013,4299,-0.04650081376423865
1590,11426.0,2014,4301,0.046522447080721285
1591,11426.0,2015,4300,-0.023250406882124874
1592,11426.0,2016,4303,0.06976744186046879
1593,11426.0,2017,4303,0.0
1594,11426.0,2018,4303,0.0
1595,11426.0,2019,4307,0.09295840111549492
1596,11427.0,2011,4200,
1597,11427.0,2012,4166,-0.8095238095238044
1598,11427.0,2013,4166,0.0
1599,11427.0,2014,4162,-0.0960153624579907
1600,11427.0,2015,4163,0.02402691013936309
1601,11427.0,2016,4164,0.024021138601959535
1602,11427.0,2017,4162,-0.04803073967338811
1603,11427.0,2018,4165,0.07208073041806706
1604,11427.0,2019,4165,0.0
1605,11428.0,2011,4073,
1606,11428.0,2012,4110,0.9084213110729156
1607,11428.0,2013,4109,-0.024330900243307862
1608,11428.0,2014,4115,0.1460209296665793
1609,11428.0,2015,4115,0.0
1610,11428.0,2016,4127,0.2916160388821476
1611,11428.0,2017,4121,-0.1453840562151698
1612,11428.0,2018,4121,0.0
1613,11428.0,2019,4123,0.048531909730642475
1614,11429.0,2011,5497,
1615,11429.0,2012,5522,0.45479352374022675
1616,11429.0,2013,5523,0.01810938065918144
1617,11429.0,2014,5529,0.10863661053774898
1618,11429.0,2015,5520,-0.16277807921866172
1619,11429.0,2016,5520,0.0
1620,11429.0,2017,5524,0.07246376811593791
1621,11429.0,2018,5519,-0.09051412020275595
1622,11429.0,2019,5526,0.12683457148034982
1623,11430.0,2011,6,
1624,11430.0,2012,6,0.0
1625,11430.0,2013,6,0.0
1626,11430.0,2014,6,0.0
1627,11430.0,2015,6,0.0
1628,11430.0,2016,6,0.0
1629,11430.0,2017,6,0.0
1630,11430.0,2018,6,0.0
1631,11430.0,2019,6,0.0
1632,11432.0,2011,6331,
1633,11432.0,2012,6313,-0.2843152740483301
1634,11432.0,2013,6343,0.47520988436560163
1635,11432.0,2014,6342,-0.015765410688950432
1636,11432.0,2015,6373,0.48880479344055594
1637,11432.0,2016,6370,-0.04707359171505221
1638,11432.0,2017,6330,-0.6279434850863463
1639,11432.0,2018,6329,-0.015797788309634964
1640,11432.0,2019,6329,0.0
1641,11433.0,2011,5677,
1642,11433.0,2012,5682,0.08807468733484924
1643,11433.0,2013,5676,-0.10559662090813271
1644,11433.0,2014,5684,0.1409443269908328
1645,11433.0,2015,5692,0.14074595355384467
1646,11433.0,2016,5689,-0.05270555165144408
1647,11433.0,2017,5693,0.07031112673581141
1648,11433.0,2018,5708,0.2634814684700615
1649,11433.0,2019,5712,0.07007708479327412
1650,11434.0,2011,9892,
1651,11434.0,2012,9893,0.010109179134665247
1652,11434.0,2013,9894,0.010108157282928687
1653,11434.0,2014,9906,0.12128562765312267
1654,11434.0,2015,9913,0.07066424389259307
1655,11434.0,2016,9915,0.020175527085641853
1656,11434.0,2017,9914,-0.010085728693898233
1657,11434.0,2018,9916,0.02017349203147223
1658,11434.0,2019,9931,0.15127067365874325
1659,11435.0,2011,5530,
1660,11435.0,2012,5603,1.3200723327305708
1661,11435.0,2013,5618,0.2677137247902861
1662,11435.0,2014,5616,-0.03559985760056561
1663,11435.0,2015,5624,0.14245014245013454
1664,11435.0,2016,5617,-0.12446657183499132
1665,11435.0,2017,5613,-0.07121239095602139
1666,11435.0,2018,5619,0.1068947087119243
1667,11435.0,2019,5627,0.14237408791599737
1668,11436.0,2011,4256,
1669,11436.0,2012,4260,0.09398496240602405
1670,11436.0,2013,4261,0.023474178403759538
1671,11436.0,2014,4254,-0.16428068528514528
1672,11436.0,2015,4254,0.0
1673,11436.0,2016,4252,-0.04701457451810054
1674,11436.0,2017,4252,0.0
1675,11436.0,2018,4257,0.11759172154279796
1676,11436.0,2019,4260,0.07047216349542751
1677,11691.0,2011,6250,
1678,11691.0,2012,6242,-0.12799999999999478
1679,11691.0,2013,6235,-0.11214354373598745
1680,11691.0,2014,6245,0.1603849238171584
1681,11691.0,2015,6252,0.11208967173739204
1682,11691.0,2016,6269,0.27191298784388085
1683,11691.0,2017,6266,-0.0478545222523552
1684,11691.0,2018,6292,0.4149377593360981
1685,11691.0,2019,6270,-0.34965034965035446
1686,11692.0,2011,1965,
1687,11692.0,2012,1923,-2.1374045801526687
1688,11692.0,2013,2015,4.784191367654711
1689,11692.0,2014,2083,3.3746898263027347
1690,11692.0,2015,2151,3.2645223235717724
1691,11692.0,2016,2213,2.882380288238018
1692,11692.0,2017,2213,0.0
1693,11692.0,2018,2217,0.18075011296883048
1694,11692.0,2019,2231,0.6314839873703182
1695,11693.0,2011,1937,
1696,11693.0,2012,1975,1.961796592669085
1697,11693.0,2013,1970,-0.25316455696202667
1698,11693.0,2014,1969,-0.05076142131980044
1699,11693.0,2015,1972,0.1523616048755727
1700,11693.0,2016,1975,0.15212981744421317
1701,11693.0,2017,1979,0.20253164556962577
1702,11693.0,2018,1977,-0.1010611419908991
1703,11693.0,2019,1971,-0.3034901365705611
1704,11694.0,2011,3882,
1705,11694.0,2012,3883,0.025759917568257684
1706,11694.0,2013,3897,0.3605459696111257
1707,11694.0,2014,3889,-0.20528611752630432
1708,11694.0,2015,3882,-0.17999485728978915
1709,11694.0,2016,3886,0.10303967027305294
1710,11694.0,2017,3906,0.514668039114774
1711,11694.0,2018,3897,-0.23041474654378336
1712,11694.0,2019,3910,0.3335899409802501
1713,11697.0,2011,4,
1714,11697.0,2012,4,0.0
1715,11697.0,2013,4,0.0
1716,11697.0,2014,4,0.0
1717,11697.0,2015,4,0.0
1718,11697.0,2016,5,25.0
1719,11697.0,2017,5,0.0
1720,11697.0,2018,5,0.0
1721,11697.0,2019,5,0.0
1722,12345.0,2019,1,
1723,33803.0,2011,1,
1724,33803.0,2012,1,0.0
1725,33803.0,2013,1,0.0
1726,33803.0,2014,1,0.0
1727,33803.0,2015,1,0.0
1728,33803.0,2016,1,0.0
