,NTA,YEAR,Property_Count,pct_change
0,Airport,2011,1,
1,Airport,2012,1,0.0
2,Airport,2013,1,0.0
3,Airport,2014,1,0.0
4,Airport,2015,1,0.0
5,Airport,2016,1,0.0
6,Airport,2017,1,0.0
7,Airport,2018,1,0.0
8,Airport,2019,1,0.0
9,Allerton-Pelham Gardens,2011,5169,
10,Allerton-Pelham Gardens,2012,5178,0.17411491584444772
11,Allerton-Pelham Gardens,2013,5180,0.03862495171880198
12,Allerton-Pelham Gardens,2014,5186,0.11583011583011782
13,Allerton-Pelham Gardens,2015,5185,-0.019282684149635188
14,Allerton-Pelham Gardens,2016,5186,0.019286403085816417
15,Allerton-Pelham Gardens,2017,5190,0.07713073659854075
16,Allerton-Pelham Gardens,2018,5195,0.09633911368014392
17,Allerton-Pelham Gardens,2019,5202,0.13474494706449125
18,Annadale-Huguenot-Prince's Bay-Eltingville,2011,8086,
19,Annadale-Huguenot-Prince's Bay-Eltingville,2012,8099,0.1607717041800738
20,Annadale-Huguenot-Prince's Bay-Eltingville,2013,8125,0.32102728731941976
21,Annadale-Huguenot-Prince's Bay-Eltingville,2014,8153,0.34461538461538765
22,Annadale-Huguenot-Prince's Bay-Eltingville,2015,8190,0.4538206795044797
23,Annadale-Huguenot-Prince's Bay-Eltingville,2016,8221,0.37851037851037717
24,Annadale-Huguenot-Prince's Bay-Eltingville,2017,8254,0.40141102055710753
25,Annadale-Huguenot-Prince's Bay-Eltingville,2018,8304,0.6057669008965316
26,Annadale-Huguenot-Prince's Bay-Eltingville,2019,8335,0.3733140655105993
27,Arden Heights,2011,7531,
28,Arden Heights,2012,7548,0.22573363431150906
29,Arden Heights,2013,7635,1.152623211446735
30,Arden Heights,2014,7650,0.19646365422396617
31,Arden Heights,2015,7681,0.40522875816992876
32,Arden Heights,2016,7683,0.026038276266104887
33,Arden Heights,2017,7692,0.11714174150723178
34,Arden Heights,2018,7701,0.11700468018720489
35,Arden Heights,2019,7711,0.12985326580963186
36,Astoria,2011,6820,
37,Astoria,2012,6933,1.656891495601176
38,Astoria,2013,7090,2.2645319486513715
39,Astoria,2014,7117,0.380818053596621
40,Astoria,2015,7116,-0.014050864128145601
41,Astoria,2016,7112,-0.05621135469364713
42,Astoria,2017,7155,0.6046119235095571
43,Astoria,2018,7190,0.4891684136967056
44,Astoria,2019,7224,0.47287899860917193
45,Auburndale,2011,5161,
46,Auburndale,2012,5171,0.1937608990505657
47,Auburndale,2013,5202,0.5994971959002227
48,Auburndale,2014,5201,-0.019223375624755068
49,Auburndale,2015,5204,0.05768121515092872
50,Auburndale,2016,5207,0.057647963105300626
51,Auburndale,2017,5207,0.0
52,Auburndale,2018,5209,0.03840983291722999
53,Auburndale,2019,5209,0.0
54,Baisley Park,2011,7395,
55,Baisley Park,2012,7395,0.0
56,Baisley Park,2013,7410,0.20283975659229903
57,Baisley Park,2014,7414,0.05398110661267719
58,Baisley Park,2015,7416,0.02697599136767259
59,Baisley Park,2016,7416,0.0
60,Baisley Park,2017,7419,0.04045307443365509
61,Baisley Park,2018,7424,0.06739452756436837
62,Baisley Park,2019,7428,0.05387931034481763
63,Bath Beach,2011,4005,
64,Bath Beach,2012,4012,0.1747815230961347
65,Bath Beach,2013,4015,0.07477567298106447
66,Bath Beach,2014,4044,0.7222914072229081
67,Bath Beach,2015,4047,0.07418397626113293
68,Bath Beach,2016,4076,0.7165801828515006
69,Bath Beach,2017,4068,-0.19627085377821318
70,Bath Beach,2018,4076,0.1966568338249708
71,Bath Beach,2019,4076,0.0
72,Battery Park City-Lower Manhattan,2011,7882,
73,Battery Park City-Lower Manhattan,2012,8159,3.5143364628266838
74,Battery Park City-Lower Manhattan,2013,8237,0.9559995097438323
75,Battery Park City-Lower Manhattan,2014,8247,0.12140342357653822
76,Battery Park City-Lower Manhattan,2015,8238,-0.10913059294288541
77,Battery Park City-Lower Manhattan,2016,8263,0.3034717164360323
78,Battery Park City-Lower Manhattan,2017,8471,2.517245552462777
79,Battery Park City-Lower Manhattan,2018,8751,3.305394876637946
80,Battery Park City-Lower Manhattan,2019,8755,0.04570906182150836
81,Bay Ridge,2011,9811,
82,Bay Ridge,2012,9940,1.3148506778106306
83,Bay Ridge,2013,9966,0.2615694164989968
84,Bay Ridge,2014,9959,-0.07023881196066561
85,Bay Ridge,2015,10001,0.4217290892659875
86,Bay Ridge,2016,10012,0.10998900109988607
87,Bay Ridge,2017,10012,0.0
88,Bay Ridge,2018,10021,0.08989212944465752
89,Bay Ridge,2019,9989,-0.31932940824268563
90,Bayside-Bayside Hills,2011,10477,
91,Bayside-Bayside Hills,2012,10481,0.03817886799657444
92,Bayside-Bayside Hills,2013,10483,0.0190821486499404
93,Bayside-Bayside Hills,2014,10485,0.01907850806066591
94,Bayside-Bayside Hills,2015,10490,0.04768717215068996
95,Bayside-Bayside Hills,2016,10523,0.3145853193517567
96,Bayside-Bayside Hills,2017,10517,-0.057017960657612665
97,Bayside-Bayside Hills,2018,10525,0.07606731957783275
98,Bayside-Bayside Hills,2019,10542,0.16152019002375617
99,Bedford,2011,7700,
100,Bedford,2012,7914,2.77922077922077
101,Bedford,2013,7989,0.9476876421531388
102,Bedford,2014,8113,1.552134184503684
103,Bedford,2015,8252,1.7132996425490044
104,Bedford,2016,8325,0.8846340281144061
105,Bedford,2017,8411,1.0330330330330373
106,Bedford,2018,8480,0.82035429794316
107,Bedford,2019,8646,1.9575471698113134
108,Bedford Park-Fordham North,2011,1253,
109,Bedford Park-Fordham North,2012,1248,-0.3990422984836428
110,Bedford Park-Fordham North,2013,1251,0.24038461538462563
111,Bedford Park-Fordham North,2014,1248,-0.23980815347721673
112,Bedford Park-Fordham North,2015,1254,0.48076923076922906
113,Bedford Park-Fordham North,2016,1253,-0.07974481658692412
114,Bedford Park-Fordham North,2017,1255,0.15961691939345712
115,Bedford Park-Fordham North,2018,1255,0.0
116,Bedford Park-Fordham North,2019,1258,0.23904382470119057
117,Bellerose,2011,5486,
118,Bellerose,2012,5487,0.01822821728034718
119,Bellerose,2013,5486,-0.01822489520685311
120,Bellerose,2014,5488,0.03645643456069436
121,Bellerose,2015,5489,0.018221574344012836
122,Bellerose,2016,5491,0.03643650938240928
123,Bellerose,2017,5490,-0.018211619012931113
124,Bellerose,2018,5500,0.18214936247722413
125,Bellerose,2019,5504,0.07272727272726875
126,Belmont,2011,1040,
127,Belmont,2012,1039,-0.09615384615384581
128,Belmont,2013,1041,0.19249278152069227
129,Belmont,2014,1043,0.19212295869357465
130,Belmont,2015,1043,0.0
131,Belmont,2016,1043,0.0
132,Belmont,2017,1045,0.19175455417066445
133,Belmont,2018,1050,0.4784688995215225
134,Belmont,2019,1057,0.6666666666666599
135,Bensonhurst East,2011,7908,
136,Bensonhurst East,2012,8136,2.8831562974203306
137,Bensonhurst East,2013,8161,0.3072763028515224
138,Bensonhurst East,2014,8168,0.08577380223011577
139,Bensonhurst East,2015,8186,0.2203721841331996
140,Bensonhurst East,2016,8201,0.18323967749815928
141,Bensonhurst East,2017,8207,0.07316180953542695
142,Bensonhurst East,2018,8228,0.2558791275740324
143,Bensonhurst East,2019,8235,0.08507535245503295
144,Bensonhurst West,2011,10331,
145,Bensonhurst West,2012,10339,0.07743684057690547
146,Bensonhurst West,2013,10352,0.12573749879098983
147,Bensonhurst West,2014,10379,0.26081916537867844
148,Bensonhurst West,2015,10398,0.18306195201849285
149,Bensonhurst West,2016,10412,0.13464127716869
150,Bensonhurst West,2017,10452,0.38417210910488553
151,Bensonhurst West,2018,10490,0.3635667814772203
152,Bensonhurst West,2019,10542,0.4957102001906577
153,Borough Park,2011,12058,
154,Borough Park,2012,12139,0.6717531929009812
155,Borough Park,2013,12231,0.7578877996540001
156,Borough Park,2014,12280,0.40062137192380387
157,Borough Park,2015,12390,0.8957654723126929
158,Borough Park,2016,12465,0.6053268765133124
159,Borough Park,2017,12531,0.5294825511432011
160,Borough Park,2018,12697,1.3247147075253318
161,Borough Park,2019,12847,1.1813814286839364
162,Breezy Point-Belle Harbor-Rockaway Park-Broad Channel,2011,4920,
163,Breezy Point-Belle Harbor-Rockaway Park-Broad Channel,2012,4960,0.8130081300812941
164,Breezy Point-Belle Harbor-Rockaway Park-Broad Channel,2013,4978,0.3629032258064546
165,Breezy Point-Belle Harbor-Rockaway Park-Broad Channel,2014,4966,-0.24106066693451167
166,Breezy Point-Belle Harbor-Rockaway Park-Broad Channel,2015,4958,-0.161095449053561
167,Breezy Point-Belle Harbor-Rockaway Park-Broad Channel,2016,4963,0.1008471157724955
168,Breezy Point-Belle Harbor-Rockaway Park-Broad Channel,2017,4980,0.3425347572032944
169,Breezy Point-Belle Harbor-Rockaway Park-Broad Channel,2018,4978,-0.040160642570286065
170,Breezy Point-Belle Harbor-Rockaway Park-Broad Channel,2019,4991,0.2611490558457108
171,Briarwood-Jamaica Hills,2011,3555,
172,Briarwood-Jamaica Hills,2012,3595,1.1251758087201136
173,Briarwood-Jamaica Hills,2013,3611,0.4450625869262925
174,Briarwood-Jamaica Hills,2014,3606,-0.1384657989476623
175,Briarwood-Jamaica Hills,2015,3737,3.6328341652800855
176,Briarwood-Jamaica Hills,2016,3735,-0.053518865400048465
177,Briarwood-Jamaica Hills,2017,3734,-0.02677376171351664
178,Briarwood-Jamaica Hills,2018,3733,-0.026780931976433386
179,Briarwood-Jamaica Hills,2019,3734,0.026788106080899432
180,Brighton Beach,2011,3522,
181,Brighton Beach,2012,3555,0.9369676320272635
182,Brighton Beach,2013,3598,1.2095639943741299
183,Brighton Beach,2014,3675,2.1400778210116655
184,Brighton Beach,2015,3682,0.19047619047618536
185,Brighton Beach,2016,3776,2.5529603476371454
186,Brighton Beach,2017,3844,1.8008474576271194
187,Brighton Beach,2018,3893,1.2747138397502633
188,Brighton Beach,2019,3901,0.2054970459799632
189,Bronxdale,2011,1609,
190,Bronxdale,2012,1619,0.621504039776255
191,Bronxdale,2013,1617,-0.12353304508956331
192,Bronxdale,2014,1618,0.061842918985766104
193,Bronxdale,2015,1621,0.1854140914709479
194,Bronxdale,2016,1624,0.18507094386182033
195,Bronxdale,2017,1624,0.0
196,Bronxdale,2018,1624,0.0
197,Bronxdale,2019,1625,0.06157635467980427
198,Brooklyn Heights-Cobble Hill,2011,2325,
199,Brooklyn Heights-Cobble Hill,2012,2327,0.08602150537635467
200,Brooklyn Heights-Cobble Hill,2013,2384,2.449505801461105
201,Brooklyn Heights-Cobble Hill,2014,2426,1.7617449664429463
202,Brooklyn Heights-Cobble Hill,2015,2436,0.41220115416322756
203,Brooklyn Heights-Cobble Hill,2016,2444,0.3284072249589487
204,Brooklyn Heights-Cobble Hill,2017,2444,0.0
205,Brooklyn Heights-Cobble Hill,2018,2562,4.828150572831413
206,Brooklyn Heights-Cobble Hill,2019,2596,1.3270882123341154
207,Brownsville,2011,3718,
208,Brownsville,2012,3702,-0.43033889187735763
209,Brownsville,2013,3698,-0.10804970286332205
210,Brownsville,2014,3705,0.18929150892375013
211,Brownsville,2015,3701,-0.10796221322537658
212,Brownsville,2016,3695,-0.16211834639286993
213,Brownsville,2017,3696,0.027063599458720944
214,Brownsville,2018,3705,0.24350649350648457
215,Brownsville,2019,3707,0.05398110661267719
216,Bushwick North,2011,4458,
217,Bushwick North,2012,4552,2.1085688649618683
218,Bushwick North,2013,4548,-0.08787346221441616
219,Bushwick North,2014,4569,0.461741424802109
220,Bushwick North,2015,4581,0.26263952724885353
221,Bushwick North,2016,4582,0.021829294913766617
222,Bushwick North,2017,4618,0.7856831078131732
223,Bushwick North,2018,4639,0.4547423126894712
224,Bushwick North,2019,4677,0.8191420564776841
225,Bushwick South,2011,6234,
226,Bushwick South,2012,6258,0.38498556304138454
227,Bushwick South,2013,6291,0.5273250239693272
228,Bushwick South,2014,6288,-0.04768717215068996
229,Bushwick South,2015,6310,0.3498727735368856
230,Bushwick South,2016,6357,0.7448494453248911
231,Bushwick South,2017,6377,0.31461381154631596
232,Bushwick South,2018,6449,1.1290575505723766
233,Bushwick South,2019,6508,0.9148705225616283
234,Cambria Heights,2011,5101,
235,Cambria Heights,2012,5102,0.019603999215833667
236,Cambria Heights,2013,5100,-0.03920031360250542
237,Cambria Heights,2014,5101,0.019607843137259273
238,Cambria Heights,2015,5106,0.09801999607919054
239,Cambria Heights,2016,5106,0.0
240,Cambria Heights,2017,5106,0.0
241,Cambria Heights,2018,5106,0.0
242,Cambria Heights,2019,5107,0.019584802193506334
243,Canarsie,2011,12874,
244,Canarsie,2012,12877,0.023302780798517553
245,Canarsie,2013,12876,-0.007765783955893113
246,Canarsie,2014,12884,0.06213109661385996
247,Canarsie,2015,12891,0.054330953120151904
248,Canarsie,2016,12929,0.29477930338996927
249,Canarsie,2017,12940,0.08508005259493245
250,Canarsie,2018,12936,-0.030911901081920323
251,Canarsie,2019,12940,0.030921459492883052
252,Carroll Gardens-Columbia Street-Red Hook,2011,5718,
253,Carroll Gardens-Columbia Street-Red Hook,2012,5905,3.270374256733133
254,Carroll Gardens-Columbia Street-Red Hook,2013,6146,4.081287044877224
255,Carroll Gardens-Columbia Street-Red Hook,2014,6197,0.8298080052066448
256,Carroll Gardens-Columbia Street-Red Hook,2015,6277,1.2909472325318694
257,Carroll Gardens-Columbia Street-Red Hook,2016,6324,0.7487653337581612
258,Carroll Gardens-Columbia Street-Red Hook,2017,6380,0.8855154965211831
259,Carroll Gardens-Columbia Street-Red Hook,2018,6471,1.4263322884012553
260,Carroll Gardens-Columbia Street-Red Hook,2019,6513,0.649049605934171
261,Central Harlem North-Polo Grounds,2011,3475,
262,Central Harlem North-Polo Grounds,2012,3377,-2.82014388489209
263,Central Harlem North-Polo Grounds,2013,3552,5.1821143026354655
264,Central Harlem North-Polo Grounds,2014,3547,-0.14076576576577127
265,Central Harlem North-Polo Grounds,2015,3738,5.384832252607841
266,Central Harlem North-Polo Grounds,2016,3764,0.6955591225254132
267,Central Harlem North-Polo Grounds,2017,3901,3.6397449521785363
268,Central Harlem North-Polo Grounds,2018,4040,3.5631889259164273
269,Central Harlem North-Polo Grounds,2019,4082,1.0396039603960405
270,Central Harlem South,2011,3688,
271,Central Harlem South,2012,3881,5.233188720173532
272,Central Harlem South,2013,4075,4.998711672249412
273,Central Harlem South,2014,4164,2.184049079754602
274,Central Harlem South,2015,4306,3.410182516810756
275,Central Harlem South,2016,4466,3.7157454714352056
276,Central Harlem South,2017,4469,0.06717420510524708
277,Central Harlem South,2018,4503,0.7607965987916687
278,Central Harlem South,2019,4507,0.08882966910948031
279,Charleston-Richmond Valley-Tottenville,2011,6143,
280,Charleston-Richmond Valley-Tottenville,2012,6149,0.09767214715936667
281,Charleston-Richmond Valley-Tottenville,2013,6198,0.7968775410635898
282,Charleston-Richmond Valley-Tottenville,2014,6236,0.61310100032268
283,Charleston-Richmond Valley-Tottenville,2015,6253,0.27261064785117917
284,Charleston-Richmond Valley-Tottenville,2016,6266,0.20790020790020236
285,Charleston-Richmond Valley-Tottenville,2017,6284,0.2872646026172987
286,Charleston-Richmond Valley-Tottenville,2018,6281,-0.047740292807130214
287,Charleston-Richmond Valley-Tottenville,2019,6384,1.6398662633338557
288,Chinatown,2011,1955,
289,Chinatown,2012,2065,5.626598465473154
290,Chinatown,2013,2119,2.61501210653754
291,Chinatown,2014,2115,-0.18876828692779846
292,Chinatown,2015,2134,0.8983451536642928
293,Chinatown,2016,2144,0.46860356138707093
294,Chinatown,2017,2163,0.8861940298507509
295,Chinatown,2018,2172,0.4160887656033285
296,Chinatown,2019,2328,7.182320441988943
297,Claremont-Bathgate,2011,708,
298,Claremont-Bathgate,2012,709,0.14124293785311437
299,Claremont-Bathgate,2013,712,0.42313117066290484
300,Claremont-Bathgate,2014,707,-0.7022471910112404
301,Claremont-Bathgate,2015,709,0.28288543140029265
302,Claremont-Bathgate,2016,708,-0.14104372355430161
303,Claremont-Bathgate,2017,716,1.1299435028248483
304,Claremont-Bathgate,2018,713,-0.41899441340782495
305,Claremont-Bathgate,2019,717,0.5610098176718203
306,Clinton,2011,6120,
307,Clinton,2012,6370,4.084967320261446
308,Clinton,2013,6372,0.031397174254310656
309,Clinton,2014,6365,-0.1098556183301902
310,Clinton,2015,6384,0.29850746268655914
311,Clinton,2016,6487,1.61340852130325
312,Clinton,2017,6744,3.9617696932326085
313,Clinton,2018,6779,0.5189798339264584
314,Clinton,2019,6923,2.1242071101932547
315,Clinton Hill,2011,4309,
316,Clinton Hill,2012,4450,3.272220932931069
317,Clinton Hill,2013,4595,3.2584269662921272
318,Clinton Hill,2014,4624,0.6311207834602817
319,Clinton Hill,2015,4699,1.6219723183390933
320,Clinton Hill,2016,4790,1.9365822515428732
321,Clinton Hill,2017,4949,3.31941544885177
322,Clinton Hill,2018,5085,2.748029905031313
323,Clinton Hill,2019,5158,1.4355948869223312
324,Co-op City,2011,937,
325,Co-op City,2012,998,6.510138740661686
326,Co-op City,2013,981,-1.7034068136272507
327,Co-op City,2014,984,0.3058103975535076
328,Co-op City,2015,985,0.10162601626015899
329,Co-op City,2016,996,1.116751269035543
330,Co-op City,2017,994,-0.20080321285140812
331,Co-op City,2018,996,0.2012072434607548
332,Co-op City,2019,1001,0.5020080321285203
333,College Point,2011,4584,
334,College Point,2012,4581,-0.06544502617801262
335,College Point,2013,4607,0.5675616677581319
336,College Point,2014,4720,2.4527892337746993
337,College Point,2015,4734,0.29661016949151797
338,College Point,2016,4725,-0.1901140684410607
339,College Point,2017,4765,0.846560846560851
340,College Point,2018,4767,0.041972717733473885
341,College Point,2019,4779,0.25173064820642743
342,Corona,2011,3698,
343,Corona,2012,3717,0.5137912385072996
344,Corona,2013,3772,1.4796879203658797
345,Corona,2014,3766,-0.15906680805938267
346,Corona,2015,3789,0.6107275624004149
347,Corona,2016,3785,-0.10556875164950963
348,Corona,2017,3817,0.8454425363276119
349,Corona,2018,3871,1.4147236049253387
350,Corona,2019,3895,0.6199948333763805
351,Crotona Park East,2011,912,
352,Crotona Park East,2012,912,0.0
353,Crotona Park East,2013,920,0.8771929824561431
354,Crotona Park East,2014,921,0.10869565217390686
355,Crotona Park East,2015,929,0.8686210640608039
356,Crotona Park East,2016,930,0.10764262648008671
357,Crotona Park East,2017,936,0.6451612903225712
358,Crotona Park East,2018,934,-0.21367521367521292
359,Crotona Park East,2019,942,0.8565310492505418
360,Crown Heights North,2011,8539,
361,Crown Heights North,2012,8667,1.4990045672795382
362,Crown Heights North,2013,8629,-0.4384446752047966
363,Crown Heights North,2014,8674,0.5214972766253378
364,Crown Heights North,2015,8710,0.4150334332487793
365,Crown Heights North,2016,8702,-0.09184845005740794
366,Crown Heights North,2017,8846,1.6547920018386675
367,Crown Heights North,2018,8874,0.31652724395205833
368,Crown Heights North,2019,8945,0.8000901510029301
369,Crown Heights South,2011,2371,
370,Crown Heights South,2012,2372,0.042176296921137
371,Crown Heights South,2013,2378,0.2529510961214232
372,Crown Heights South,2014,2389,0.4625735912531459
373,Crown Heights South,2015,2389,0.0
374,Crown Heights South,2016,2390,0.04185851820845965
375,Crown Heights South,2017,2387,-0.1255230125522977
376,Crown Heights South,2018,2389,0.08378718056136769
377,Crown Heights South,2019,2438,2.051067392214323
378,Cypress Hills-City Line,2011,5593,
379,Cypress Hills-City Line,2012,5588,-0.08939746111210622
380,Cypress Hills-City Line,2013,5588,0.0
381,Cypress Hills-City Line,2014,5591,0.05368647100929547
382,Cypress Hills-City Line,2015,5594,0.05365766410301287
383,Cypress Hills-City Line,2016,5592,-0.03575259206292092
384,Cypress Hills-City Line,2017,5593,0.017882689556514286
385,Cypress Hills-City Line,2018,5591,-0.03575898444484471
386,Cypress Hills-City Line,2019,5589,-0.03577177606868265
387,DUMBO-Vinegar Hill-Downtown Brooklyn-Boerum Hill,2011,4935,
388,DUMBO-Vinegar Hill-Downtown Brooklyn-Boerum Hill,2012,4960,0.5065856129685908
389,DUMBO-Vinegar Hill-Downtown Brooklyn-Boerum Hill,2013,5343,7.721774193548381
390,DUMBO-Vinegar Hill-Downtown Brooklyn-Boerum Hill,2014,5408,1.2165450121654597
391,DUMBO-Vinegar Hill-Downtown Brooklyn-Boerum Hill,2015,5436,0.5177514792899407
392,DUMBO-Vinegar Hill-Downtown Brooklyn-Boerum Hill,2016,5600,3.0169242089771897
393,DUMBO-Vinegar Hill-Downtown Brooklyn-Boerum Hill,2017,5722,2.1785714285714297
394,DUMBO-Vinegar Hill-Downtown Brooklyn-Boerum Hill,2018,5995,4.771059070255146
395,DUMBO-Vinegar Hill-Downtown Brooklyn-Boerum Hill,2019,6143,2.468723936613837
396,Douglas Manor-Douglaston-Little Neck,2011,5765,
397,Douglas Manor-Douglaston-Little Neck,2012,5764,-0.017346053772770986
398,Douglas Manor-Douglaston-Little Neck,2013,5765,0.017349063150584598
399,Douglas Manor-Douglaston-Little Neck,2014,5770,0.08673026886383273
400,Douglas Manor-Douglaston-Little Neck,2015,5834,1.109185441941074
401,Douglas Manor-Douglaston-Little Neck,2016,5841,0.11998628728144833
402,Douglas Manor-Douglaston-Little Neck,2017,5849,0.13696284882724896
403,Douglas Manor-Douglaston-Little Neck,2018,5851,0.034193879295596474
404,Douglas Manor-Douglaston-Little Neck,2019,5852,0.01709109553922339
405,Dyker Heights,2011,7250,
406,Dyker Heights,2012,7254,0.05517241379311422
407,Dyker Heights,2013,7270,0.22056796250344846
408,Dyker Heights,2014,7266,-0.05502063273727931
409,Dyker Heights,2015,7274,0.11010184420590097
410,Dyker Heights,2016,7295,0.28869947759142534
411,Dyker Heights,2017,7305,0.1370801919122755
412,Dyker Heights,2018,7306,0.013689253935655898
413,Dyker Heights,2019,7304,-0.027374760470844084
414,East Concourse-Concourse Village,2011,1311,
415,East Concourse-Concourse Village,2012,1310,-0.07627765064835978
416,East Concourse-Concourse Village,2013,1315,0.3816793893129722
417,East Concourse-Concourse Village,2014,1320,0.3802281368821214
418,East Concourse-Concourse Village,2015,1322,0.15151515151514694
419,East Concourse-Concourse Village,2016,1320,-0.1512859304084735
420,East Concourse-Concourse Village,2017,1313,-0.5303030303030254
421,East Concourse-Concourse Village,2018,1307,-0.4569687738004591
422,East Concourse-Concourse Village,2019,1311,0.3060443764345777
423,East Elmhurst,2011,3189,
424,East Elmhurst,2012,3188,-0.03135779241141279
425,East Elmhurst,2013,3198,0.31367628607277265
426,East Elmhurst,2014,3199,0.0312695434646626
427,East Elmhurst,2015,3205,0.18755861206627422
428,East Elmhurst,2016,3220,0.46801872074881956
429,East Elmhurst,2017,3220,0.0
430,East Elmhurst,2018,3222,0.06211180124222615
431,East Elmhurst,2019,3228,0.18621973929235924
432,East Flatbush-Farragut,2011,7176,
433,East Flatbush-Farragut,2012,7173,-0.04180602006689238
434,East Flatbush-Farragut,2013,7173,0.0
435,East Flatbush-Farragut,2014,7174,0.013941168269893112
436,East Flatbush-Farragut,2015,7174,0.0
437,East Flatbush-Farragut,2016,7173,-0.013939224979087061
438,East Flatbush-Farragut,2017,7170,-0.04182350480970154
439,East Flatbush-Farragut,2018,7169,-0.01394700139469851
440,East Flatbush-Farragut,2019,7173,0.05579578741805591
441,East Flushing,2011,4428,
442,East Flushing,2012,4423,-0.1129177958446248
443,East Flushing,2013,4442,0.4295726882206585
444,East Flushing,2014,4443,0.02251238180999149
445,East Flushing,2015,4447,0.09002925950933882
446,East Flushing,2016,4462,0.3373060490218016
447,East Flushing,2017,4485,0.5154639175257714
448,East Flushing,2018,4479,-0.13377926421405117
449,East Flushing,2019,4491,0.26791694574681557
450,East Harlem North,2011,1705,
451,East Harlem North,2012,1734,1.7008797653959018
452,East Harlem North,2013,1757,1.3264129181084217
453,East Harlem North,2014,1752,-0.2845759817871385
454,East Harlem North,2015,1759,0.39954337899543724
455,East Harlem North,2016,1757,-0.11370096645821892
456,East Harlem North,2017,1776,1.0813887307911108
457,East Harlem North,2018,1782,0.33783783783782884
458,East Harlem North,2019,1786,0.22446689113355678
459,East Harlem South,2011,1251,
460,East Harlem South,2012,1246,-0.3996802557953649
461,East Harlem South,2013,1298,4.173354735152479
462,East Harlem South,2014,1457,12.249614791987673
463,East Harlem South,2015,1509,3.568977350720659
464,East Harlem South,2016,1505,-0.2650762094102088
465,East Harlem South,2017,1527,1.46179401993356
466,East Harlem South,2018,1606,5.173542894564509
467,East Harlem South,2019,1679,4.545454545454541
468,East New York,2011,10602,
469,East New York,2012,10659,0.5376344086021501
470,East New York,2013,10665,0.056290458767249696
471,East New York,2014,10676,0.10314111579934337
472,East New York,2015,10701,0.2341701011614905
473,East New York,2016,10771,0.6541444724792012
474,East New York,2017,10858,0.8077244452697085
475,East New York,2018,10872,0.12893718916928698
476,East New York,2019,10885,0.1195732155996998
477,East New York (Pennsylvania Ave),2011,3098,
478,East New York (Pennsylvania Ave),2012,3098,0.0
479,East New York (Pennsylvania Ave),2013,3086,-0.3873466752743693
480,East New York (Pennsylvania Ave),2014,3091,0.16202203499675605
481,East New York (Pennsylvania Ave),2015,3095,0.12940795858944476
482,East New York (Pennsylvania Ave),2016,3091,-0.12924071082390798
483,East New York (Pennsylvania Ave),2017,3105,0.45292785506307887
484,East New York (Pennsylvania Ave),2018,3101,-0.12882447665056862
485,East New York (Pennsylvania Ave),2019,3114,0.41921960657851365
486,East Tremont,2011,1590,
487,East Tremont,2012,1596,0.37735849056603765
488,East Tremont,2013,1598,0.12531328320801727
489,East Tremont,2014,1598,0.0
490,East Tremont,2015,1597,-0.06257822277847547
491,East Tremont,2016,1591,-0.37570444583594487
492,East Tremont,2017,1602,0.6913890634820952
493,East Tremont,2018,1607,0.3121098626716501
494,East Tremont,2019,1615,0.49782202862476144
495,East Village,2011,2451,
496,East Village,2012,2528,3.1415748674010535
497,East Village,2013,2521,-0.2768987341772111
498,East Village,2014,2533,0.47600158667195913
499,East Village,2015,2637,4.105803395183583
500,East Village,2016,2645,0.30337504740234333
501,East Village,2017,2671,0.9829867674858273
502,East Village,2018,2717,1.72220142268813
503,East Village,2019,2814,3.5701140964298883
504,East Williamsburg,2011,3574,
505,East Williamsburg,2012,3682,3.021824286513719
506,East Williamsburg,2013,3767,2.3085279739272213
507,East Williamsburg,2014,3824,1.5131404300504414
508,East Williamsburg,2015,3860,0.9414225941422494
509,East Williamsburg,2016,3869,0.2331606217616633
510,East Williamsburg,2017,3968,2.5588007237012045
511,East Williamsburg,2018,4068,2.5201612903225756
512,East Williamsburg,2019,4128,1.4749262536873253
513,Eastchester-Edenwald-Baychester,2011,4313,
514,Eastchester-Edenwald-Baychester,2012,4330,0.39415719916531256
515,Eastchester-Edenwald-Baychester,2013,4330,0.0
516,Eastchester-Edenwald-Baychester,2014,4337,0.16166281755196632
517,Eastchester-Edenwald-Baychester,2015,4344,0.16140189070785738
518,Eastchester-Edenwald-Baychester,2016,4350,0.13812154696133394
519,Eastchester-Edenwald-Baychester,2017,4359,0.206896551724145
520,Eastchester-Edenwald-Baychester,2018,4369,0.22941041523285577
521,Eastchester-Edenwald-Baychester,2019,4367,-0.0457770656900891
522,Elmhurst,2011,6639,
523,Elmhurst,2012,6720,1.2200632625395391
524,Elmhurst,2013,6736,0.23809523809523725
525,Elmhurst,2014,6748,0.1781472684085461
526,Elmhurst,2015,6787,0.5779490219324224
527,Elmhurst,2016,6830,0.6335641667894576
528,Elmhurst,2017,6854,0.35139092240117353
529,Elmhurst,2018,6892,0.5544207761890796
530,Elmhurst,2019,6939,0.681950087057448
531,Elmhurst-Maspeth,2011,3503,
532,Elmhurst-Maspeth,2012,3504,0.028546959748787515
533,Elmhurst-Maspeth,2013,3508,0.11415525114155667
534,Elmhurst-Maspeth,2014,3526,0.5131128848346656
535,Elmhurst-Maspeth,2015,3558,0.9075439591605283
536,Elmhurst-Maspeth,2016,3557,-0.028105677346823565
537,Elmhurst-Maspeth,2017,3528,-0.815293786899074
538,Elmhurst-Maspeth,2018,3531,0.08503401360544505
539,Elmhurst-Maspeth,2019,3541,0.2832058906825363
540,Erasmus,2011,2764,
541,Erasmus,2012,2785,0.7597684515195269
542,Erasmus,2013,2789,0.1436265709156226
543,Erasmus,2014,2789,0.0
544,Erasmus,2015,2793,0.1434205808533484
545,Erasmus,2016,2796,0.10741138560688146
546,Erasmus,2017,2803,0.2503576537911334
547,Erasmus,2018,2810,0.24973242953978403
548,Erasmus,2019,2816,0.2135231316725994
549,Far Rockaway-Bayswater,2011,4990,
550,Far Rockaway-Bayswater,2012,4986,-0.08016032064128709
551,Far Rockaway-Bayswater,2013,4985,-0.020056157240277983
552,Far Rockaway-Bayswater,2014,4990,0.10030090270811698
553,Far Rockaway-Bayswater,2015,4996,0.12024048096193063
554,Far Rockaway-Bayswater,2016,4996,0.0
555,Far Rockaway-Bayswater,2017,4994,-0.04003202562049557
556,Far Rockaway-Bayswater,2018,5002,0.16019223067680333
557,Far Rockaway-Bayswater,2019,5037,0.6997201119552265
558,Flatbush,2011,5503,
559,Flatbush,2012,5519,0.2907504997274213
560,Flatbush,2013,5605,1.5582533067584725
561,Flatbush,2014,5648,0.7671721677074084
562,Flatbush,2015,5661,0.23016997167137898
563,Flatbush,2016,5660,-0.017664723547072825
564,Flatbush,2017,5652,-0.1413427561837488
565,Flatbush,2018,5658,0.10615711252655036
566,Flatbush,2019,5692,0.6009190526687913
567,Flatlands,2011,10830,
568,Flatlands,2012,10825,-0.04616805170821747
569,Flatlands,2013,10821,-0.03695150115473611
570,Flatlands,2014,10819,-0.01848258016818871
571,Flatlands,2015,10828,0.08318698585820794
572,Flatlands,2016,10823,-0.046176579239010085
573,Flatlands,2017,10817,-0.05543749422526334
574,Flatlands,2018,10821,0.036978829620037956
575,Flatlands,2019,10828,0.06468903058867159
576,Flushing,2011,5874,
577,Flushing,2012,6546,11.440245148110307
578,Flushing,2013,6671,1.90956309196455
579,Flushing,2014,6787,1.7388697346724546
580,Flushing,2015,7072,4.199204361278919
581,Flushing,2016,7390,4.496606334841635
582,Flushing,2017,7452,0.8389715832205713
583,Flushing,2018,8072,8.319914117015559
584,Flushing,2019,8572,6.194251734390477
585,Fordham South,2011,454,
586,Fordham South,2012,454,0.0
587,Fordham South,2013,454,0.0
588,Fordham South,2014,453,-0.22026431718061845
589,Fordham South,2015,455,0.44150110375276164
590,Fordham South,2016,454,-0.219780219780219
591,Fordham South,2017,453,-0.22026431718061845
592,Fordham South,2018,455,0.44150110375276164
593,Fordham South,2019,458,0.659340659340657
594,Forest Hills,2011,8526,
595,Forest Hills,2012,8556,0.3518648838845895
596,Forest Hills,2013,8558,0.02337540906964808
597,Forest Hills,2014,8558,0.0
598,Forest Hills,2015,8601,0.5024538443561655
599,Forest Hills,2016,8600,-0.01162655505173582
600,Forest Hills,2017,8719,1.383720930232557
601,Forest Hills,2018,8722,0.034407615552245474
602,Forest Hills,2019,8789,0.7681724375143251
603,Fort Greene,2011,2360,
604,Fort Greene,2012,2386,1.1016949152542477
605,Fort Greene,2013,2427,1.7183570829840678
606,Fort Greene,2014,2452,1.0300782859497426
607,Fort Greene,2015,2465,0.5301794453507425
608,Fort Greene,2016,2473,0.32454361054767844
609,Fort Greene,2017,2610,5.539830165790538
610,Fort Greene,2018,2629,0.7279693486589967
611,Fort Greene,2019,2651,0.8368200836819994
612,Fresh Meadows-Utopia,2011,2778,
613,Fresh Meadows-Utopia,2012,2778,0.0
614,Fresh Meadows-Utopia,2013,2787,0.3239740820734305
615,Fresh Meadows-Utopia,2014,2785,-0.07176175098672077
616,Fresh Meadows-Utopia,2015,2784,-0.035906642728900096
617,Fresh Meadows-Utopia,2016,2785,0.03591954022987842
618,Fresh Meadows-Utopia,2017,2785,0.0
619,Fresh Meadows-Utopia,2018,2785,0.0
620,Fresh Meadows-Utopia,2019,2784,-0.035906642728900096
621,Ft. Totten-Bay Terrace-Clearview,2011,4474,
622,Ft. Totten-Bay Terrace-Clearview,2012,4475,0.022351363433159577
623,Ft. Totten-Bay Terrace-Clearview,2013,4476,0.022346368715076004
624,Ft. Totten-Bay Terrace-Clearview,2014,4476,0.0
625,Ft. Totten-Bay Terrace-Clearview,2015,4478,0.044682752457547714
626,Ft. Totten-Bay Terrace-Clearview,2016,4480,0.04466279589101507
627,Ft. Totten-Bay Terrace-Clearview,2017,4480,0.0
628,Ft. Totten-Bay Terrace-Clearview,2018,4480,0.0
629,Ft. Totten-Bay Terrace-Clearview,2019,4480,0.0
630,Georgetown-Marine Park-Bergen Beach-Mill Basin,2011,11466,
631,Georgetown-Marine Park-Bergen Beach-Mill Basin,2012,11464,-0.01744287458572691
632,Georgetown-Marine Park-Bergen Beach-Mill Basin,2013,11462,-0.017445917655267706
633,Georgetown-Marine Park-Bergen Beach-Mill Basin,2014,11460,-0.017448961786770134
634,Georgetown-Marine Park-Bergen Beach-Mill Basin,2015,11461,0.008726003490400203
635,Georgetown-Marine Park-Bergen Beach-Mill Basin,2016,11462,0.008725242125473542
636,Georgetown-Marine Park-Bergen Beach-Mill Basin,2017,11462,0.0
637,Georgetown-Marine Park-Bergen Beach-Mill Basin,2018,11465,0.026173442680166303
638,Georgetown-Marine Park-Bergen Beach-Mill Basin,2019,11466,0.008722197993904501
639,Glen Oaks-Floral Park-New Hyde Park,2011,4011,
640,Glen Oaks-Floral Park-New Hyde Park,2012,4011,0.0
641,Glen Oaks-Floral Park-New Hyde Park,2013,4012,0.024931438544006923
642,Glen Oaks-Floral Park-New Hyde Park,2014,4012,0.0
643,Glen Oaks-Floral Park-New Hyde Park,2015,4014,0.04985044865404298
644,Glen Oaks-Floral Park-New Hyde Park,2016,4014,0.0
645,Glen Oaks-Floral Park-New Hyde Park,2017,4014,0.0
646,Glen Oaks-Floral Park-New Hyde Park,2018,4013,-0.024912805181864783
647,Glen Oaks-Floral Park-New Hyde Park,2019,4012,-0.024919013207080898
648,Glendale,2011,6469,
649,Glendale,2012,6465,-0.061833359097229756
650,Glendale,2013,6465,0.0
651,Glendale,2014,6468,0.046403712296982924
652,Glendale,2015,6468,0.0
653,Glendale,2016,6468,0.0
654,Glendale,2017,6470,0.030921459492883052
655,Glendale,2018,6469,-0.01545595054095461
656,Glendale,2019,6469,0.0
657,Gramercy,2011,1935,
658,Gramercy,2012,1985,2.5839793281653645
659,Gramercy,2013,2155,8.564231738035266
660,Gramercy,2014,2155,0.0
661,Gramercy,2015,2281,5.8468677494199595
662,Gramercy,2016,2280,-0.04384042086803541
663,Gramercy,2017,2343,2.763157894736845
664,Gramercy,2018,2616,11.651728553137009
665,Gramercy,2019,2610,-0.2293577981651418
666,Grasmere-Arrochar-Ft. Wadsworth,2011,3608,
667,Grasmere-Arrochar-Ft. Wadsworth,2012,3612,0.11086474501109667
668,Grasmere-Arrochar-Ft. Wadsworth,2013,3621,0.2491694352159568
669,Grasmere-Arrochar-Ft. Wadsworth,2014,3636,0.41425020712511085
670,Grasmere-Arrochar-Ft. Wadsworth,2015,3636,0.0
671,Grasmere-Arrochar-Ft. Wadsworth,2016,3643,0.19251925192518282
672,Grasmere-Arrochar-Ft. Wadsworth,2017,3645,0.05489980785067239
673,Grasmere-Arrochar-Ft. Wadsworth,2018,3668,0.6310013717421015
674,Grasmere-Arrochar-Ft. Wadsworth,2019,3686,0.4907306434023928
675,Gravesend,2011,3110,
676,Gravesend,2012,3141,0.9967845659164087
677,Gravesend,2013,3193,1.6555237185609695
678,Gravesend,2014,3194,0.03131850923896451
679,Gravesend,2015,3254,1.8785222291797021
680,Gravesend,2016,3320,2.0282728948985973
681,Gravesend,2017,3334,0.42168674698794817
682,Gravesend,2018,3331,-0.089982003599276
683,Gravesend,2019,3342,0.33023116181327694
684,Great Kills,2011,12399,
685,Great Kills,2012,12409,0.08065166545689895
686,Great Kills,2013,12419,0.08058667096462191
687,Great Kills,2014,12440,0.1690957403977844
688,Great Kills,2015,12446,0.04823151125401548
689,Great Kills,2016,12455,0.07231238952274399
690,Great Kills,2017,12476,0.1686069851465355
691,Great Kills,2018,12500,0.19236934915036752
692,Great Kills,2019,12505,0.039999999999995595
693,Greenpoint,2011,4492,
694,Greenpoint,2012,4684,4.27426536064115
695,Greenpoint,2013,4779,2.028181041844568
696,Greenpoint,2014,4797,0.37664783427495685
697,Greenpoint,2015,4858,1.2716281008963826
698,Greenpoint,2016,4868,0.20584602717168554
699,Greenpoint,2017,4898,0.6162695152013065
700,Greenpoint,2018,4979,1.653736218864843
701,Greenpoint,2019,5124,2.912231371761398
702,Grymes Hill-Clifton-Fox Hills,2011,3831,
703,Grymes Hill-Clifton-Fox Hills,2012,3833,0.052205690420259465
704,Grymes Hill-Clifton-Fox Hills,2013,3835,0.05217845030003332
705,Grymes Hill-Clifton-Fox Hills,2014,3852,0.44328552803130084
706,Grymes Hill-Clifton-Fox Hills,2015,3860,0.20768431983384517
707,Grymes Hill-Clifton-Fox Hills,2016,3939,2.046632124352321
708,Grymes Hill-Clifton-Fox Hills,2017,3956,0.4315816197004274
709,Grymes Hill-Clifton-Fox Hills,2018,3960,0.10111223458038054
710,Grymes Hill-Clifton-Fox Hills,2019,3967,0.17676767676768623
711,Hamilton Heights,2011,1954,
712,Hamilton Heights,2012,1953,-0.051177072671437784
713,Hamilton Heights,2013,1959,0.3072196620583778
714,Hamilton Heights,2014,1973,0.7146503318019359
715,Hamilton Heights,2015,1986,0.6588950836289964
716,Hamilton Heights,2016,2030,2.2155085599194324
717,Hamilton Heights,2017,2071,2.0197044334975267
718,Hamilton Heights,2018,2074,0.14485755673587786
719,Hamilton Heights,2019,2105,1.494696239151394
720,Hammels-Arverne-Edgemere,2011,3709,
721,Hammels-Arverne-Edgemere,2012,3664,-1.2132650310056614
722,Hammels-Arverne-Edgemere,2013,3729,1.7740174672489006
723,Hammels-Arverne-Edgemere,2014,3806,2.0648967551622377
724,Hammels-Arverne-Edgemere,2015,3879,1.9180241723594227
725,Hammels-Arverne-Edgemere,2016,3932,1.3663315287445243
726,Hammels-Arverne-Edgemere,2017,3946,0.3560528992878842
727,Hammels-Arverne-Edgemere,2018,3953,0.1773948302077999
728,Hammels-Arverne-Edgemere,2019,3958,0.1264862130027744
729,Highbridge,2011,805,
730,Highbridge,2012,806,0.1242236024844745
731,Highbridge,2013,806,0.0
732,Highbridge,2014,807,0.12406947890819531
733,Highbridge,2015,808,0.12391573729864103
734,Highbridge,2016,811,0.3712871287128605
735,Highbridge,2017,814,0.36991368680641123
736,Highbridge,2018,817,0.3685503685503688
737,Highbridge,2019,816,-0.1223990208078285
738,Hollis,2011,3520,
739,Hollis,2012,3519,-0.028409090909087276
740,Hollis,2013,3521,0.05683432793406329
741,Hollis,2014,3522,0.028401022436796985
742,Hollis,2015,3525,0.08517887563883608
743,Hollis,2016,3524,-0.028368794326238955
744,Hollis,2017,3521,-0.08513053348467858
745,Hollis,2018,3524,0.08520306731041316
746,Hollis,2019,3528,0.11350737797957144
747,Homecrest,2011,5525,
748,Homecrest,2012,5542,0.3076923076922977
749,Homecrest,2013,5532,-0.18044027426922238
750,Homecrest,2014,5549,0.3073029645697778
751,Homecrest,2015,5561,0.21625518111372255
752,Homecrest,2016,5559,-0.0359647545405517
753,Homecrest,2017,5549,-0.17988846914912537
754,Homecrest,2018,5536,-0.2342764462065272
755,Homecrest,2019,5586,0.9031791907514464
756,Hudson Yards-Chelsea-Flatiron-Union Square,2011,7760,
757,Hudson Yards-Chelsea-Flatiron-Union Square,2012,7842,1.0567010309278313
758,Hudson Yards-Chelsea-Flatiron-Union Square,2013,7878,0.45906656465186657
759,Hudson Yards-Chelsea-Flatiron-Union Square,2014,7959,1.0281797410510274
760,Hudson Yards-Chelsea-Flatiron-Union Square,2015,8137,2.2364618670687175
761,Hudson Yards-Chelsea-Flatiron-Union Square,2016,8320,2.2489861128179855
762,Hudson Yards-Chelsea-Flatiron-Union Square,2017,8753,5.20432692307693
763,Hudson Yards-Chelsea-Flatiron-Union Square,2018,8906,1.7479721238432555
764,Hudson Yards-Chelsea-Flatiron-Union Square,2019,9120,2.4028744666517055
765,Hunters Point-Sunnyside-West Maspeth,2011,5696,
766,Hunters Point-Sunnyside-West Maspeth,2012,5860,2.879213483146059
767,Hunters Point-Sunnyside-West Maspeth,2013,6015,2.6450511945392385
768,Hunters Point-Sunnyside-West Maspeth,2014,6022,0.1163757273483057
769,Hunters Point-Sunnyside-West Maspeth,2015,6116,1.560943208236476
770,Hunters Point-Sunnyside-West Maspeth,2016,6160,0.7194244604316502
771,Hunters Point-Sunnyside-West Maspeth,2017,6209,0.7954545454545547
772,Hunters Point-Sunnyside-West Maspeth,2018,6382,2.7862779835722273
773,Hunters Point-Sunnyside-West Maspeth,2019,6646,4.136634283923546
774,Hunts Point,2011,998,
775,Hunts Point,2012,996,-0.2004008016032066
776,Hunts Point,2013,995,-0.10040160642570406
777,Hunts Point,2014,993,-0.20100502512563345
778,Hunts Point,2015,991,-0.20140986908357972
779,Hunts Point,2016,990,-0.10090817356205317
780,Hunts Point,2017,990,0.0
781,Hunts Point,2018,990,0.0
782,Hunts Point,2019,992,0.20202020202020332
783,Jackson Heights,2011,8439,
784,Jackson Heights,2012,8449,0.1184974523047666
785,Jackson Heights,2013,8476,0.31956444549650076
786,Jackson Heights,2014,8474,-0.023596035865969256
787,Jackson Heights,2015,8475,0.01180080245457571
788,Jackson Heights,2016,8520,0.5309734513274433
789,Jackson Heights,2017,8521,0.011737089201879769
790,Jackson Heights,2018,8526,0.05867855885459683
791,Jackson Heights,2019,8547,0.24630541871921707
792,Jamaica,2011,4379,
793,Jamaica,2012,4388,0.2055263758849124
794,Jamaica,2013,4420,0.7292616226071136
795,Jamaica,2014,4418,-0.04524886877828038
796,Jamaica,2015,4449,0.7016749660479826
797,Jamaica,2016,4456,0.1573387278039906
798,Jamaica,2017,4413,-0.9649910233393233
799,Jamaica,2018,4418,0.11330160888285423
800,Jamaica,2019,4428,0.22634676324129188
801,Jamaica Estates-Holliswood,2011,3941,
802,Jamaica Estates-Holliswood,2012,3949,0.20299416391778013
803,Jamaica Estates-Holliswood,2013,3947,-0.05064573309698783
804,Jamaica Estates-Holliswood,2014,3949,0.05067139599697068
805,Jamaica Estates-Holliswood,2015,3996,1.1901747277791808
806,Jamaica Estates-Holliswood,2016,4000,0.10010010010010895
807,Jamaica Estates-Holliswood,2017,3999,-0.024999999999997247
808,Jamaica Estates-Holliswood,2018,3999,0.0
809,Jamaica Estates-Holliswood,2019,3999,0.0
810,Kensington-Ocean Parkway,2011,2740,
811,Kensington-Ocean Parkway,2012,2785,1.642335766423364
812,Kensington-Ocean Parkway,2013,2793,0.2872531418312452
813,Kensington-Ocean Parkway,2014,2792,-0.03580379520229382
814,Kensington-Ocean Parkway,2015,2791,-0.03581661891117749
815,Kensington-Ocean Parkway,2016,2790,-0.035829451809388235
816,Kensington-Ocean Parkway,2017,2766,-0.8602150537634357
817,Kensington-Ocean Parkway,2018,2785,0.6869125090383177
818,Kensington-Ocean Parkway,2019,2781,-0.1436265709156226
819,Kew Gardens,2011,1914,
820,Kew Gardens,2012,2005,4.754440961337503
821,Kew Gardens,2013,2099,4.688279301745646
822,Kew Gardens,2014,2099,0.0
823,Kew Gardens,2015,2101,0.0952834683182413
824,Kew Gardens,2016,2105,0.19038553069967712
825,Kew Gardens,2017,2103,-0.09501187648456311
826,Kew Gardens,2018,2144,1.9495958155016702
827,Kew Gardens,2019,2142,-0.0932835820895539
828,Kew Gardens Hills,2011,4948,
829,Kew Gardens Hills,2012,4948,0.0
830,Kew Gardens Hills,2013,4946,-0.04042037186742231
831,Kew Gardens Hills,2014,4945,-0.02021835826930829
832,Kew Gardens Hills,2015,4941,-0.08088978766430666
833,Kew Gardens Hills,2016,4942,0.02023881805301997
834,Kew Gardens Hills,2017,4943,0.020234722784295833
835,Kew Gardens Hills,2018,4965,0.4450738417964839
836,Kew Gardens Hills,2019,4961,-0.08056394763343855
837,Kingsbridge Heights,2011,636,
838,Kingsbridge Heights,2012,637,0.15723270440251014
839,Kingsbridge Heights,2013,635,-0.31397174254317317
840,Kingsbridge Heights,2014,636,0.15748031496063408
841,Kingsbridge Heights,2015,637,0.15723270440251014
842,Kingsbridge Heights,2016,637,0.0
843,Kingsbridge Heights,2017,639,0.31397174254317317
844,Kingsbridge Heights,2018,639,0.0
845,Kingsbridge Heights,2019,640,0.15649452269170805
846,Laurelton,2011,6188,
847,Laurelton,2012,6192,0.06464124111182912
848,Laurelton,2013,6190,-0.03229974160207094
849,Laurelton,2014,6192,0.03231017770597422
850,Laurelton,2015,6198,0.09689922480620172
851,Laurelton,2016,6197,-0.016134236850595673
852,Laurelton,2017,6199,0.03227368081328841
853,Laurelton,2018,6208,0.14518470721083254
854,Laurelton,2019,6211,0.048324742268035514
855,Lenox Hill-Roosevelt Island,2011,7740,
856,Lenox Hill-Roosevelt Island,2012,7708,-0.41343669250646364
857,Lenox Hill-Roosevelt Island,2013,7693,-0.19460300985988388
858,Lenox Hill-Roosevelt Island,2014,7659,-0.44196022357987363
859,Lenox Hill-Roosevelt Island,2015,7675,0.208904556730638
860,Lenox Hill-Roosevelt Island,2016,7673,-0.02605863192182145
861,Lenox Hill-Roosevelt Island,2017,7903,2.997523784699596
862,Lenox Hill-Roosevelt Island,2018,7916,0.16449449576110275
863,Lenox Hill-Roosevelt Island,2019,7946,0.3789792824658855
864,Lincoln Square,2011,10414,
865,Lincoln Square,2012,10341,-0.7009794507393918
866,Lincoln Square,2013,10472,1.2668020500918642
867,Lincoln Square,2014,10431,-0.39152024446141853
868,Lincoln Square,2015,10409,-0.21090978813153027
869,Lincoln Square,2016,10400,-0.08646363723701089
870,Lincoln Square,2017,10594,1.8653846153846132
871,Lincoln Square,2018,10586,-0.07551444213705905
872,Lincoln Square,2019,10824,2.2482524088418776
873,Lindenwood-Howard Beach,2011,6176,
874,Lindenwood-Howard Beach,2012,6180,0.06476683937823857
875,Lindenwood-Howard Beach,2013,6182,0.03236245954691963
876,Lindenwood-Howard Beach,2014,6187,0.08087997411840853
877,Lindenwood-Howard Beach,2015,6186,-0.016162922256346413
878,Lindenwood-Howard Beach,2016,6197,0.17782088587132705
879,Lindenwood-Howard Beach,2017,6197,0.0
880,Lindenwood-Howard Beach,2018,6196,-0.016136840406644204
881,Lindenwood-Howard Beach,2019,6199,0.04841833440929477
882,Longwood,2011,1041,
883,Longwood,2012,1042,0.09606147934677622
884,Longwood,2013,1050,0.7677543186180413
885,Longwood,2014,1042,-0.7619047619047636
886,Longwood,2015,1022,-1.9193857965451033
887,Longwood,2016,1024,0.1956947162426559
888,Longwood,2017,1025,0.09765625
889,Longwood,2018,1025,0.0
890,Longwood,2019,1026,0.09756097560975618
891,Lower East Side,2011,1431,
892,Lower East Side,2012,1442,0.7686932215234199
893,Lower East Side,2013,1444,0.1386962552011095
894,Lower East Side,2014,1471,1.8698060941828354
895,Lower East Side,2015,1475,0.2719238613188235
896,Lower East Side,2016,1496,1.4237288135593218
897,Lower East Side,2017,1563,4.478609625668439
898,Lower East Side,2018,1621,3.710812539987196
899,Lower East Side,2019,1670,3.0228254164096136
900,Madison,2011,5902,
901,Madison,2012,5913,0.1863774991528233
902,Madison,2013,5920,0.1183832234060489
903,Madison,2014,5931,0.18581081081081585
904,Madison,2015,5977,0.7755859045692093
905,Madison,2016,5994,0.28442362389158315
906,Madison,2017,6016,0.36703370036703653
907,Madison,2018,6026,0.1662234042553168
908,Madison,2019,6163,2.2734815798207686
909,Manhattanville,2011,317,
910,Manhattanville,2012,317,0.0
911,Manhattanville,2013,349,10.094637223974768
912,Manhattanville,2014,348,-0.2865329512893977
913,Manhattanville,2015,348,0.0
914,Manhattanville,2016,350,0.5747126436781658
915,Manhattanville,2017,352,0.5714285714285783
916,Manhattanville,2018,383,8.806818181818187
917,Manhattanville,2019,381,-0.5221932114882533
918,Marble Hill-Inwood,2011,675,
919,Marble Hill-Inwood,2012,675,0.0
920,Marble Hill-Inwood,2013,675,0.0
921,Marble Hill-Inwood,2014,675,0.0
922,Marble Hill-Inwood,2015,676,0.1481481481481417
923,Marble Hill-Inwood,2016,676,0.0
924,Marble Hill-Inwood,2017,678,0.2958579881656709
925,Marble Hill-Inwood,2018,677,-0.1474926253687281
926,Marble Hill-Inwood,2019,675,-0.2954209748892156
927,Mariner's Harbor-Arlington-Port Ivory-Graniteville,2011,6625,
928,Mariner's Harbor-Arlington-Port Ivory-Graniteville,2012,6635,0.15094339622641062
929,Mariner's Harbor-Arlington-Port Ivory-Graniteville,2013,6645,0.15071590052750938
930,Mariner's Harbor-Arlington-Port Ivory-Graniteville,2014,6652,0.10534236267869534
931,Mariner's Harbor-Arlington-Port Ivory-Graniteville,2015,6665,0.19542994588093165
932,Mariner's Harbor-Arlington-Port Ivory-Graniteville,2016,6682,0.25506376594148783
933,Mariner's Harbor-Arlington-Port Ivory-Graniteville,2017,6691,0.1346902125112237
934,Mariner's Harbor-Arlington-Port Ivory-Graniteville,2018,6689,-0.029890898221496265
935,Mariner's Harbor-Arlington-Port Ivory-Graniteville,2019,6717,0.41859769771266375
936,Maspeth,2011,6062,
937,Maspeth,2012,6068,0.09897723523588642
938,Maspeth,2013,6099,0.5108767303889206
939,Maspeth,2014,6101,0.0327922610263931
940,Maspeth,2015,6112,0.18029831175216948
941,Maspeth,2016,6115,0.04908376963350669
942,Maspeth,2017,6120,0.08176614881438837
943,Maspeth,2018,6118,-0.03267973856209139
944,Maspeth,2019,6118,0.0
945,Melrose South-Mott Haven North,2011,1666,
946,Melrose South-Mott Haven North,2012,1672,0.36014405762305746
947,Melrose South-Mott Haven North,2013,1678,0.3588516746411585
948,Melrose South-Mott Haven North,2014,1676,-0.11918951132300348
949,Melrose South-Mott Haven North,2015,1680,0.23866348448686736
950,Melrose South-Mott Haven North,2016,1683,0.17857142857142794
951,Melrose South-Mott Haven North,2017,1682,-0.059417706476527776
952,Melrose South-Mott Haven North,2018,1683,0.05945303210463937
953,Melrose South-Mott Haven North,2019,1692,0.5347593582887722
954,Middle Village,2011,9456,
955,Middle Village,2012,9460,0.04230118443315778
956,Middle Village,2013,9460,0.0
957,Middle Village,2014,9429,-0.3276955602537046
958,Middle Village,2015,9434,0.053027892671542176
959,Middle Village,2016,9436,0.02119991520033171
960,Middle Village,2017,9438,0.02119542178888878
961,Middle Village,2018,9441,0.031786395422761515
962,Middle Village,2019,9443,0.02118419658934112
963,Midtown-Midtown South,2011,6013,
964,Midtown-Midtown South,2012,6146,2.211874272409786
965,Midtown-Midtown South,2013,6140,-0.09762447120078566
966,Midtown-Midtown South,2014,6161,0.3420195439739482
967,Midtown-Midtown South,2015,6324,2.6456744035059154
968,Midtown-Midtown South,2016,6398,1.1701454775458586
969,Midtown-Midtown South,2017,6591,3.0165676773991956
970,Midtown-Midtown South,2018,6626,0.531027158246089
971,Midtown-Midtown South,2019,6823,2.973136130395404
972,Midwood,2011,6134,
973,Midwood,2012,6142,0.13042060645582776
974,Midwood,2013,6153,0.17909475740800485
975,Midwood,2014,6179,0.4225581017389901
976,Midwood,2015,6206,0.4369639100177958
977,Midwood,2016,6197,-0.1450209474701869
978,Midwood,2017,6243,0.7422946587058332
979,Midwood,2018,6251,0.1281435207432402
980,Midwood,2019,6326,1.1998080307150882
981,Morningside Heights,2011,1803,
982,Morningside Heights,2012,1742,-3.3832501386577896
983,Morningside Heights,2013,1746,0.22962112514350874
984,Morningside Heights,2014,1799,3.0355097365406536
985,Morningside Heights,2015,1795,-0.22234574763757564
986,Morningside Heights,2016,1796,0.055710306406675514
987,Morningside Heights,2017,1802,0.33407572383072903
988,Morningside Heights,2018,1799,-0.16648168701443034
989,Morningside Heights,2019,1812,0.7226236798221208
990,Morrisania-Melrose,2011,1961,
991,Morrisania-Melrose,2012,1961,0.0
992,Morrisania-Melrose,2013,1972,0.5609382967873611
993,Morrisania-Melrose,2014,1967,-0.2535496957403627
994,Morrisania-Melrose,2015,1963,-0.20335536349771477
995,Morrisania-Melrose,2016,1968,0.25471217524197787
996,Morrisania-Melrose,2017,1973,0.2540650406503975
997,Morrisania-Melrose,2018,1969,-0.20273694880892368
998,Morrisania-Melrose,2019,1973,0.2031488065007636
999,Mott Haven-Port Morris,2011,1431,
1000,Mott Haven-Port Morris,2012,1431,0.0
1001,Mott Haven-Port Morris,2013,1437,0.41928721174004924
1002,Mott Haven-Port Morris,2014,1437,0.0
1003,Mott Haven-Port Morris,2015,1441,0.27835768963118124
1004,Mott Haven-Port Morris,2016,1453,0.832755031228305
1005,Mott Haven-Port Morris,2017,1469,1.10116999311769
1006,Mott Haven-Port Morris,2018,1477,0.5445881552076148
1007,Mott Haven-Port Morris,2019,1486,0.6093432633716978
1008,Mount Hope,2011,1054,
1009,Mount Hope,2012,1055,0.0948766603415585
1010,Mount Hope,2013,1056,0.09478672985780978
1011,Mount Hope,2014,1054,-0.18939393939394478
1012,Mount Hope,2015,1061,0.6641366223908873
1013,Mount Hope,2016,1060,-0.09425070688030557
1014,Mount Hope,2017,1058,-0.18867924528301883
1015,Mount Hope,2018,1066,0.7561436672967936
1016,Mount Hope,2019,1068,0.18761726078799779
1017,Murray Hill,2011,7837,
1018,Murray Hill,2012,7918,1.0335587597294804
1019,Murray Hill,2013,8021,1.300833543824198
1020,Murray Hill,2014,8041,0.24934546814612268
1021,Murray Hill,2015,8036,-0.06218132073124716
1022,Murray Hill,2016,8061,0.31110004977601413
1023,Murray Hill,2017,8037,-0.29772981019724476
1024,Murray Hill,2018,8037,0.0
1025,Murray Hill,2019,8049,0.1493094438223208
1026,Murray Hill-Kips Bay,2011,6193,
1027,Murray Hill-Kips Bay,2012,6163,-0.4844178911674435
1028,Murray Hill-Kips Bay,2013,6170,0.11358104819081394
1029,Murray Hill-Kips Bay,2014,6170,0.0
1030,Murray Hill-Kips Bay,2015,6191,0.3403565640194506
1031,Murray Hill-Kips Bay,2016,6330,2.245194637376846
1032,Murray Hill-Kips Bay,2017,6330,0.0
1033,Murray Hill-Kips Bay,2018,6331,0.015797788309646066
1034,Murray Hill-Kips Bay,2019,6432,1.595324593271208
1035,New Brighton-Silver Lake,2011,4701,
1036,New Brighton-Silver Lake,2012,4705,0.0850882790895513
1037,New Brighton-Silver Lake,2013,4709,0.08501594048884176
1038,New Brighton-Silver Lake,2014,4713,0.08494372478233814
1039,New Brighton-Silver Lake,2015,4694,-0.4031402503713144
1040,New Brighton-Silver Lake,2016,4726,0.6817213463996552
1041,New Brighton-Silver Lake,2017,4444,-5.966991112991959
1042,New Brighton-Silver Lake,2018,4448,0.09000900090008201
1043,New Brighton-Silver Lake,2019,4454,0.13489208633092886
1044,New Dorp-Midland Beach,2011,6656,
1045,New Dorp-Midland Beach,2012,6663,0.10516826923077094
1046,New Dorp-Midland Beach,2013,6683,0.3001650907999309
1047,New Dorp-Midland Beach,2014,6697,0.20948675744425493
1048,New Dorp-Midland Beach,2015,6710,0.19411676870240147
1049,New Dorp-Midland Beach,2016,6716,0.08941877794337305
1050,New Dorp-Midland Beach,2017,6744,0.41691483025609877
1051,New Dorp-Midland Beach,2018,6767,0.3410438908659552
1052,New Dorp-Midland Beach,2019,6803,0.5319934978572416
1053,New Springville-Bloomfield-Travis,2011,9864,
1054,New Springville-Bloomfield-Travis,2012,9868,0.040551500405516805
1055,New Springville-Bloomfield-Travis,2013,9882,0.14187271990271366
1056,New Springville-Bloomfield-Travis,2014,9902,0.2023881805302663
1057,New Springville-Bloomfield-Travis,2015,10024,1.2320743284184976
1058,New Springville-Bloomfield-Travis,2016,10142,1.1771747805267463
1059,New Springville-Bloomfield-Travis,2017,10154,0.11831985801618039
1060,New Springville-Bloomfield-Travis,2018,10205,0.5022651171951997
1061,New Springville-Bloomfield-Travis,2019,10211,0.058794708476228585
1062,North Corona,2011,4011,
1063,North Corona,2012,4120,2.7175268012964438
1064,North Corona,2013,4167,1.1407766990291224
1065,North Corona,2014,4177,0.2399808015358662
1066,North Corona,2015,4214,0.8858032080440559
1067,North Corona,2016,4220,0.1423825344091023
1068,North Corona,2017,4231,0.26066350710900466
1069,North Corona,2018,4225,-0.14181044670290577
1070,North Corona,2019,4244,0.44970414201184195
1071,North Riverdale-Fieldston-Riverdale,2011,2379,
1072,North Riverdale-Fieldston-Riverdale,2012,2411,1.345102984447255
1073,North Riverdale-Fieldston-Riverdale,2013,2389,-0.9124844462878423
1074,North Riverdale-Fieldston-Riverdale,2014,2393,0.1674340728338164
1075,North Riverdale-Fieldston-Riverdale,2015,2404,0.45967404931048783
1076,North Riverdale-Fieldston-Riverdale,2016,2406,0.08319467554076532
1077,North Riverdale-Fieldston-Riverdale,2017,2411,0.20781379883623163
1078,North Riverdale-Fieldston-Riverdale,2018,2415,0.16590626296142386
1079,North Riverdale-Fieldston-Riverdale,2019,2416,0.041407867494824835
1080,North Side-South Side,2011,5619,
1081,North Side-South Side,2012,6538,16.355223349350425
1082,North Side-South Side,2013,6586,0.7341694707861723
1083,North Side-South Side,2014,6685,1.5031885818402646
1084,North Side-South Side,2015,6770,1.2715033657441976
1085,North Side-South Side,2016,6757,-0.1920236336779957
1086,North Side-South Side,2017,7264,7.503329880124321
1087,North Side-South Side,2018,7379,1.583149779735682
1088,North Side-South Side,2019,7807,5.8002439354926105
1089,Norwood,2011,881,
1090,Norwood,2012,877,-0.4540295119182747
1091,Norwood,2013,874,-0.34207525655644
1092,Norwood,2014,874,0.0
1093,Norwood,2015,874,0.0
1094,Norwood,2016,874,0.0
1095,Norwood,2017,875,0.11441647597254523
1096,Norwood,2018,879,0.45714285714286707
1097,Norwood,2019,878,-0.11376564277588708
1098,Oakland Gardens,2011,4549,
1099,Oakland Gardens,2012,4554,0.10991426687183559
1100,Oakland Gardens,2013,4555,0.02195871761088153
1101,Oakland Gardens,2014,4556,0.021953896816695462
1102,Oakland Gardens,2015,4554,-0.04389815627743321
1103,Oakland Gardens,2016,4555,0.02195871761088153
1104,Oakland Gardens,2017,4555,0.0
1105,Oakland Gardens,2018,4557,0.04390779363336872
1106,Oakland Gardens,2019,4558,0.021944261575601587
1107,Oakwood-Oakwood Beach,2011,6051,
1108,Oakwood-Oakwood Beach,2012,6056,0.08263097008758269
1109,Oakwood-Oakwood Beach,2013,6055,-0.016512549537650578
1110,Oakwood-Oakwood Beach,2014,6066,0.18166804293970884
1111,Oakwood-Oakwood Beach,2015,6074,0.13188262446421906
1112,Oakwood-Oakwood Beach,2016,6079,0.0823180770497256
1113,Oakwood-Oakwood Beach,2017,6081,0.03290014805066299
1114,Oakwood-Oakwood Beach,2018,6088,0.11511264594639137
1115,Oakwood-Oakwood Beach,2019,6093,0.08212877792379558
1116,Ocean Hill,2011,3608,
1117,Ocean Hill,2012,3600,-0.22172949002217113
1118,Ocean Hill,2013,3601,0.02777777777778212
1119,Ocean Hill,2014,3584,-0.47209108580950065
1120,Ocean Hill,2015,3578,-0.16741071428570953
1121,Ocean Hill,2016,3571,-0.19564002235885614
1122,Ocean Hill,2017,3580,0.252030243629231
1123,Ocean Hill,2018,3601,0.5865921787709505
1124,Ocean Hill,2019,3614,0.3610108303249149
1125,Ocean Parkway South,2011,2665,
1126,Ocean Parkway South,2012,2662,-0.11257035647279645
1127,Ocean Parkway South,2013,2654,-0.3005259203606281
1128,Ocean Parkway South,2014,2652,-0.07535795026375469
1129,Ocean Parkway South,2015,2651,-0.037707390648566985
1130,Ocean Parkway South,2016,2653,0.07544322897019562
1131,Ocean Parkway South,2017,2648,-0.18846588767432726
1132,Ocean Parkway South,2018,2650,0.07552870090634656
1133,Ocean Parkway South,2019,2683,1.2452830188679265
1134,Old Astoria,2011,2818,
1135,Old Astoria,2012,3001,6.493967352732444
1136,Old Astoria,2013,3035,1.132955681439518
1137,Old Astoria,2014,3054,0.626029654036242
1138,Old Astoria,2015,3053,-0.03274394237066103
1139,Old Astoria,2016,3059,0.1965280052407481
1140,Old Astoria,2017,3087,0.9153318077803174
1141,Old Astoria,2018,3117,0.9718172983479212
1142,Old Astoria,2019,3141,0.7699711260827691
1143,Old Town-Dongan Hills-South Beach,2011,6066,
1144,Old Town-Dongan Hills-South Beach,2012,6091,0.412133201450704
1145,Old Town-Dongan Hills-South Beach,2013,6119,0.45969463142341294
1146,Old Town-Dongan Hills-South Beach,2014,6131,0.19611047556791217
1147,Old Town-Dongan Hills-South Beach,2015,6145,0.22834774098841049
1148,Old Town-Dongan Hills-South Beach,2016,6158,0.21155410903173077
1149,Old Town-Dongan Hills-South Beach,2017,6167,0.14615134784021766
1150,Old Town-Dongan Hills-South Beach,2018,6204,0.5999675693205697
1151,Old Town-Dongan Hills-South Beach,2019,6239,0.5641521598968469
1152,Ozone Park,2011,4283,
1153,Ozone Park,2012,4285,0.04669624095259284
1154,Ozone Park,2013,4288,0.07001166861142494
1155,Ozone Park,2014,4316,0.6529850746268551
1156,Ozone Park,2015,4317,0.023169601482853075
1157,Ozone Park,2016,4328,0.2548065786425857
1158,Ozone Park,2017,4333,0.11552680221811329
1159,Ozone Park,2018,4337,0.09231479344564697
1160,Ozone Park,2019,4340,0.06917223887479285
1161,Park Slope-Gowanus,2011,11033,
1162,Park Slope-Gowanus,2012,11278,2.220610894588959
1163,Park Slope-Gowanus,2013,11376,0.8689483951055177
1164,Park Slope-Gowanus,2014,11406,0.2637130801687704
1165,Park Slope-Gowanus,2015,11452,0.40329651060844185
1166,Park Slope-Gowanus,2016,11494,0.3667481662591676
1167,Park Slope-Gowanus,2017,11555,0.5307116756568586
1168,Park Slope-Gowanus,2018,11668,0.9779316313284214
1169,Park Slope-Gowanus,2019,11814,1.2512855673637358
1170,Parkchester,2011,12539,
1171,Parkchester,2012,12540,0.007975117632974538
1172,Parkchester,2013,12542,0.015948963317380382
1173,Parkchester,2014,12543,0.007973210014355914
1174,Parkchester,2015,12543,0.0
1175,Parkchester,2016,12542,-0.007972574344250472
1176,Parkchester,2017,12543,0.007973210014355914
1177,Parkchester,2018,12545,0.015945148688500943
1178,Parkchester,2019,12546,0.007971303308096367
1179,Pelham Bay-Country Club-City Island,2011,4968,
1180,Pelham Bay-Country Club-City Island,2012,4968,0.0
1181,Pelham Bay-Country Club-City Island,2013,4974,0.12077294685990392
1182,Pelham Bay-Country Club-City Island,2014,4973,-0.020104543626864313
1183,Pelham Bay-Country Club-City Island,2015,4975,0.040217172732748274
1184,Pelham Bay-Country Club-City Island,2016,4982,0.14070351758794786
1185,Pelham Bay-Country Club-City Island,2017,4983,0.020072260136494435
1186,Pelham Bay-Country Club-City Island,2018,5030,0.9432069034718049
1187,Pelham Bay-Country Club-City Island,2019,5029,-0.01988071570576677
1188,Pelham Parkway,2011,2188,
1189,Pelham Parkway,2012,2189,0.04570383912247955
1190,Pelham Parkway,2013,2189,0.0
1191,Pelham Parkway,2014,2187,-0.0913659205116546
1192,Pelham Parkway,2015,2186,-0.04572473708276403
1193,Pelham Parkway,2016,2187,0.04574565416286536
1194,Pelham Parkway,2017,2187,0.0
1195,Pelham Parkway,2018,2184,-0.137174211248281
1196,Pelham Parkway,2019,2186,0.09157509157509125
1197,Pomonok-Flushing Heights-Hillcrest,2011,5120,
1198,Pomonok-Flushing Heights-Hillcrest,2012,5134,0.27343749999999556
1199,Pomonok-Flushing Heights-Hillcrest,2013,5159,0.4869497467861361
1200,Pomonok-Flushing Heights-Hillcrest,2014,5161,0.03876720294631042
1201,Pomonok-Flushing Heights-Hillcrest,2015,5269,2.0926177097461807
1202,Pomonok-Flushing Heights-Hillcrest,2016,5267,-0.03795786676789037
1203,Pomonok-Flushing Heights-Hillcrest,2017,5257,-0.18986140117713823
1204,Pomonok-Flushing Heights-Hillcrest,2018,5280,0.4375118889100138
1205,Pomonok-Flushing Heights-Hillcrest,2019,5282,0.03787878787879784
1206,Port Richmond,2011,4418,
1207,Port Richmond,2012,4427,0.2037120869171627
1208,Port Richmond,2013,4430,0.06776598147730795
1209,Port Richmond,2014,4437,0.15801354401805412
1210,Port Richmond,2015,4445,0.1803020058598115
1211,Port Richmond,2016,4457,0.2699662542182235
1212,Port Richmond,2017,4482,0.5609154139555761
1213,Port Richmond,2018,4502,0.44622936189200324
1214,Port Richmond,2019,4504,0.044424700133283146
1215,Prospect Heights,2011,2664,
1216,Prospect Heights,2012,2699,1.3138138138138133
1217,Prospect Heights,2013,2715,0.5928121526491248
1218,Prospect Heights,2014,2750,1.2891344383057168
1219,Prospect Heights,2015,2794,1.6000000000000014
1220,Prospect Heights,2016,2818,0.8589835361488829
1221,Prospect Heights,2017,2886,2.4130589070262554
1222,Prospect Heights,2018,3228,11.850311850311845
1223,Prospect Heights,2019,3258,0.9293680297397744
1224,Prospect Lefferts Gardens-Wingate,2011,4834,
1225,Prospect Lefferts Gardens-Wingate,2012,4847,0.26892842366570413
1226,Prospect Lefferts Gardens-Wingate,2013,4932,1.7536620590055785
1227,Prospect Lefferts Gardens-Wingate,2014,4932,0.0
1228,Prospect Lefferts Gardens-Wingate,2015,4971,0.7907542579075333
1229,Prospect Lefferts Gardens-Wingate,2016,4983,0.24140012070006378
1230,Prospect Lefferts Gardens-Wingate,2017,5029,0.923138671483037
1231,Prospect Lefferts Gardens-Wingate,2018,5079,0.9942334460131264
1232,Prospect Lefferts Gardens-Wingate,2019,5155,1.4963575506989457
1233,Queens Village,2011,11282,
1234,Queens Village,2012,11289,0.06204573657153656
1235,Queens Village,2013,11290,0.008858180529713877
1236,Queens Village,2014,11298,0.07085916740479092
1237,Queens Village,2015,11297,-0.008851124092756901
1238,Queens Village,2016,11309,0.1062228910330143
1239,Queens Village,2017,11305,-0.0353700592448547
1240,Queens Village,2018,11303,-0.017691287041132764
1241,Queens Village,2019,11313,0.08847208705653475
1242,Queensboro Hill,2011,4187,
1243,Queensboro Hill,2012,4184,-0.07165034631000378
1244,Queensboro Hill,2013,4201,0.4063097514340308
1245,Queensboro Hill,2014,4199,-0.04760771244941564
1246,Queensboro Hill,2015,4200,0.0238151940938236
1247,Queensboro Hill,2016,4200,0.0
1248,Queensboro Hill,2017,4210,0.23809523809523725
1249,Queensboro Hill,2018,4212,0.047505938242276
1250,Queensboro Hill,2019,4224,0.2849002849002913
1251,Queensbridge-Ravenswood-Long Island City,2011,1131,
1252,Queensbridge-Ravenswood-Long Island City,2012,1126,-0.4420866489831976
1253,Queensbridge-Ravenswood-Long Island City,2013,1132,0.5328596802841812
1254,Queensbridge-Ravenswood-Long Island City,2014,1136,0.35335689045936647
1255,Queensbridge-Ravenswood-Long Island City,2015,1134,-0.17605633802817433
1256,Queensbridge-Ravenswood-Long Island City,2016,1097,-3.2627865961199265
1257,Queensbridge-Ravenswood-Long Island City,2017,1118,1.9143117593436676
1258,Queensbridge-Ravenswood-Long Island City,2018,1119,0.08944543828264262
1259,Queensbridge-Ravenswood-Long Island City,2019,1121,0.17873100983021306
1260,Rego Park,2011,3463,
1261,Rego Park,2012,3464,0.02887669650593061
1262,Rego Park,2013,3475,0.3175519630485013
1263,Rego Park,2014,3480,0.14388489208632116
1264,Rego Park,2015,3711,6.637931034482758
1265,Rego Park,2016,3729,0.48504446240904553
1266,Rego Park,2017,3762,0.8849557522123908
1267,Rego Park,2018,3760,-0.05316321105794941
1268,Rego Park,2019,3847,2.313829787234045
1269,Richmond Hill,2011,8920,
1270,Richmond Hill,2012,8927,0.07847533632288073
1271,Richmond Hill,2013,8932,0.05600985773495104
1272,Richmond Hill,2014,8934,0.022391401701749025
1273,Richmond Hill,2015,8942,0.0895455563017622
1274,Richmond Hill,2016,8941,-0.01118318049653233
1275,Richmond Hill,2017,8918,-0.25724191924840767
1276,Richmond Hill,2018,8916,-0.022426553038801256
1277,Richmond Hill,2019,8918,0.022431583669813016
1278,Ridgewood,2011,7820,
1279,Ridgewood,2012,7836,0.2046035805626678
1280,Ridgewood,2013,7890,0.6891271056661541
1281,Ridgewood,2014,7891,0.012674271229395906
1282,Ridgewood,2015,7896,0.06336332530731958
1283,Ridgewood,2016,7894,-0.025329280648433983
1284,Ridgewood,2017,7919,0.3166962249810057
1285,Ridgewood,2018,7923,0.05051142821064225
1286,Ridgewood,2019,7933,0.12621481761958542
1287,Rosedale,2011,5164,
1288,Rosedale,2012,5167,0.05809450038729569
1289,Rosedale,2013,5171,0.07741436036383664
1290,Rosedale,2014,5173,0.03867723844517279
1291,Rosedale,2015,5172,-0.019331142470524476
1292,Rosedale,2016,5177,0.09667440061871257
1293,Rosedale,2017,5171,-0.11589723778250294
1294,Rosedale,2018,5172,0.019338619222586395
1295,Rosedale,2019,5175,0.058004640371223104
1296,Rossville-Woodrow,2011,5711,
1297,Rossville-Woodrow,2012,5752,0.71791279985991
1298,Rossville-Woodrow,2013,5783,0.5389429763560605
1299,Rossville-Woodrow,2014,5815,0.5533460141794899
1300,Rossville-Woodrow,2015,5904,1.5305245055889927
1301,Rossville-Woodrow,2016,5919,0.2540650406503975
1302,Rossville-Woodrow,2017,5940,0.3547896604155998
1303,Rossville-Woodrow,2018,5956,0.2693602693602637
1304,Rossville-Woodrow,2019,5970,0.2350570852921452
1305,Rugby-Remsen Village,2011,6349,
1306,Rugby-Remsen Village,2012,6341,-0.12600409513309208
1307,Rugby-Remsen Village,2013,6332,-0.14193344898281168
1308,Rugby-Remsen Village,2014,6333,0.015792798483893478
1309,Rugby-Remsen Village,2015,6333,0.0
1310,Rugby-Remsen Village,2016,6333,0.0
1311,Rugby-Remsen Village,2017,6329,-0.0631612190115316
1312,Rugby-Remsen Village,2018,6326,-0.04740085321536247
1313,Rugby-Remsen Village,2019,6326,0.0
1314,Schuylerville-Throgs Neck-Edgewater Park,2011,8110,
1315,Schuylerville-Throgs Neck-Edgewater Park,2012,8113,0.036991368680650005
1316,Schuylerville-Throgs Neck-Edgewater Park,2013,8157,0.5423394551953731
1317,Schuylerville-Throgs Neck-Edgewater Park,2014,8157,0.0
1318,Schuylerville-Throgs Neck-Edgewater Park,2015,8169,0.1471129091577872
1319,Schuylerville-Throgs Neck-Edgewater Park,2016,8166,-0.03672420124862796
1320,Schuylerville-Throgs Neck-Edgewater Park,2017,8170,0.048983590497186924
1321,Schuylerville-Throgs Neck-Edgewater Park,2018,8182,0.14687882496939864
1322,Schuylerville-Throgs Neck-Edgewater Park,2019,8187,0.061109753116594945
1323,Seagate-Coney Island,2011,2452,
1324,Seagate-Coney Island,2012,2461,0.36704730831973453
1325,Seagate-Coney Island,2013,2457,-0.1625355546525764
1326,Seagate-Coney Island,2014,2479,0.8954008954008996
1327,Seagate-Coney Island,2015,2517,1.532876159741825
1328,Seagate-Coney Island,2016,2514,-0.11918951132300348
1329,Seagate-Coney Island,2017,2508,-0.23866348448687846
1330,Seagate-Coney Island,2018,2513,0.1993620414673103
1331,Seagate-Coney Island,2019,2514,0.039793076004768224
1332,Sheepshead Bay-Gerritsen Beach-Manhattan Beach,2011,10133,
1333,Sheepshead Bay-Gerritsen Beach-Manhattan Beach,2012,10153,0.1973749136484848
1334,Sheepshead Bay-Gerritsen Beach-Manhattan Beach,2013,10183,0.29547916871861535
1335,Sheepshead Bay-Gerritsen Beach-Manhattan Beach,2014,10193,0.09820288716488879
1336,Sheepshead Bay-Gerritsen Beach-Manhattan Beach,2015,10221,0.27469832237809744
1337,Sheepshead Bay-Gerritsen Beach-Manhattan Beach,2016,10219,-0.019567556990507384
1338,Sheepshead Bay-Gerritsen Beach-Manhattan Beach,2017,10317,0.9589979450044028
1339,Sheepshead Bay-Gerritsen Beach-Manhattan Beach,2018,10360,0.4167878259183855
1340,Sheepshead Bay-Gerritsen Beach-Manhattan Beach,2019,10556,1.8918918918918948
1341,SoHo-TriBeCa-Civic Center-Little Italy,2011,6949,
1342,SoHo-TriBeCa-Civic Center-Little Italy,2012,7286,4.849618650165488
1343,SoHo-TriBeCa-Civic Center-Little Italy,2013,6998,-3.952786165248423
1344,SoHo-TriBeCa-Civic Center-Little Italy,2014,7227,3.2723635324378497
1345,SoHo-TriBeCa-Civic Center-Little Italy,2015,7440,2.9472810294728147
1346,SoHo-TriBeCa-Civic Center-Little Italy,2016,7626,2.499999999999991
1347,SoHo-TriBeCa-Civic Center-Little Italy,2017,8317,9.061106740099657
1348,SoHo-TriBeCa-Civic Center-Little Italy,2018,8560,2.9217265841048556
1349,SoHo-TriBeCa-Civic Center-Little Italy,2019,8876,3.69158878504674
1350,Soundview-Bruckner,2011,1965,
1351,Soundview-Bruckner,2012,1965,0.0
1352,Soundview-Bruckner,2013,1965,0.0
1353,Soundview-Bruckner,2014,1965,0.0
1354,Soundview-Bruckner,2015,1964,-0.050890585241725184
1355,Soundview-Bruckner,2016,1977,0.6619144602851401
1356,Soundview-Bruckner,2017,1977,0.0
1357,Soundview-Bruckner,2018,1978,0.05058168942841945
1358,Soundview-Bruckner,2019,1981,0.15166835187057082
1359,Soundview-Castle Hill-Clason Point-Harding Park,2011,4726,
1360,Soundview-Castle Hill-Clason Point-Harding Park,2012,4719,-0.14811680067710054
1361,Soundview-Castle Hill-Clason Point-Harding Park,2013,4721,0.04238186056368942
1362,Soundview-Castle Hill-Clason Point-Harding Park,2014,4743,0.466002965473411
1363,Soundview-Castle Hill-Clason Point-Harding Park,2015,4742,-0.021083702298119178
1364,Soundview-Castle Hill-Clason Point-Harding Park,2016,4763,0.4428511176718608
1365,Soundview-Castle Hill-Clason Point-Harding Park,2017,4804,0.8608020155364215
1366,Soundview-Castle Hill-Clason Point-Harding Park,2018,4803,-0.02081598667776907
1367,Soundview-Castle Hill-Clason Point-Harding Park,2019,4811,0.16656256506351053
1368,South Jamaica,2011,6816,
1369,South Jamaica,2012,6812,-0.05868544600938774
1370,South Jamaica,2013,6808,-0.05871990604815469
1371,South Jamaica,2014,6817,0.13219741480610114
1372,South Jamaica,2015,6827,0.1466920932961635
1373,South Jamaica,2016,6819,-0.1171817782334883
1374,South Jamaica,2017,6823,0.05865962751137044
1375,South Jamaica,2018,6825,0.02931261908252214
1376,South Jamaica,2019,6838,0.19047619047618536
1377,South Ozone Park,2011,13907,
1378,South Ozone Park,2012,13906,-0.007190623427055787
1379,South Ozone Park,2013,13908,0.014382281029767796
1380,South Ozone Park,2014,13915,0.05033074489502187
1381,South Ozone Park,2015,13909,-0.04311893639956654
1382,South Ozone Park,2016,13919,0.07189589474441149
1383,South Ozone Park,2017,13894,-0.17961060421006758
1384,South Ozone Park,2018,13897,0.0215920541240866
1385,South Ozone Park,2019,13899,0.014391595308338445
1386,Springfield Gardens North,2011,2931,
1387,Springfield Gardens North,2012,2943,0.4094165813715467
1388,Springfield Gardens North,2013,2940,-0.10193679918450993
1389,Springfield Gardens North,2014,2942,0.06802721088434716
1390,Springfield Gardens North,2015,2944,0.06798096532971698
1391,Springfield Gardens North,2016,2944,0.0
1392,Springfield Gardens North,2017,2946,0.06793478260869179
1393,Springfield Gardens North,2018,2952,0.20366598778003286
1394,Springfield Gardens North,2019,2952,0.0
1395,Springfield Gardens South-Brookville,2011,3852,
1396,Springfield Gardens South-Brookville,2012,3853,0.025960539979230646
1397,Springfield Gardens South-Brookville,2013,3863,0.25953802232026035
1398,Springfield Gardens South-Brookville,2014,3883,0.5177323323841465
1399,Springfield Gardens South-Brookville,2015,3886,0.07725985063096186
1400,Springfield Gardens South-Brookville,2016,3888,0.05146680391148184
1401,Springfield Gardens South-Brookville,2017,3887,-0.025720164609055463
1402,Springfield Gardens South-Brookville,2018,3894,0.18008747105737744
1403,Springfield Gardens South-Brookville,2019,3899,0.12840267077556256
1404,Spuyten Duyvil-Kingsbridge,2011,1316,
1405,Spuyten Duyvil-Kingsbridge,2012,1372,4.255319148936176
1406,Spuyten Duyvil-Kingsbridge,2013,1371,-0.07288629737609575
1407,Spuyten Duyvil-Kingsbridge,2014,1382,0.8023340627279385
1408,Spuyten Duyvil-Kingsbridge,2015,1432,3.61794500723589
1409,Spuyten Duyvil-Kingsbridge,2016,1427,-0.34916201117318746
1410,Spuyten Duyvil-Kingsbridge,2017,1427,0.0
1411,Spuyten Duyvil-Kingsbridge,2018,1423,-0.2803083391730854
1412,Spuyten Duyvil-Kingsbridge,2019,1427,0.28109627547434624
1413,St. Albans,2011,11678,
1414,St. Albans,2012,11680,0.017126220243190993
1415,St. Albans,2013,11685,0.042808219178080975
1416,St. Albans,2014,11691,0.05134788189986583
1417,St. Albans,2015,11700,0.07698229407235857
1418,St. Albans,2016,11703,0.02564102564102111
1419,St. Albans,2017,11694,-0.07690335811330051
1420,St. Albans,2018,11696,0.01710278775439722
1421,St. Albans,2019,11713,0.14534883720929148
1422,Stapleton-Rosebank,2011,5259,
1423,Stapleton-Rosebank,2012,5289,0.5704506560182621
1424,Stapleton-Rosebank,2013,5309,0.37814331631689235
1425,Stapleton-Rosebank,2014,5331,0.41439065737427505
1426,Stapleton-Rosebank,2015,5344,0.243856687300692
1427,Stapleton-Rosebank,2016,5357,0.24326347305390073
1428,Stapleton-Rosebank,2017,5366,0.16800448011946578
1429,Stapleton-Rosebank,2018,5381,0.2795378307864249
1430,Stapleton-Rosebank,2019,5408,0.5017654711020336
1431,Starrett City,2011,160,
1432,Starrett City,2012,160,0.0
1433,Starrett City,2013,160,0.0
1434,Starrett City,2014,160,0.0
1435,Starrett City,2015,160,0.0
1436,Starrett City,2016,160,0.0
1437,Starrett City,2017,159,-0.6249999999999978
1438,Starrett City,2018,159,0.0
1439,Starrett City,2019,159,0.0
1440,Steinway,2011,7771,
1441,Steinway,2012,7803,0.41178741474714453
1442,Steinway,2013,7803,0.0
1443,Steinway,2014,7814,0.14097142124824824
1444,Steinway,2015,7812,-0.025595085743534973
1445,Steinway,2016,7811,-0.012800819252434259
1446,Steinway,2017,7809,-0.025604916143895373
1447,Steinway,2018,7813,0.05122294788064696
1448,Steinway,2019,7823,0.12799180852425263
1449,Stuyvesant Heights,2011,7153,
1450,Stuyvesant Heights,2012,7168,0.20970222284355522
1451,Stuyvesant Heights,2013,7185,0.23716517857141906
1452,Stuyvesant Heights,2014,7221,0.5010438413361129
1453,Stuyvesant Heights,2015,7272,0.7062733693394163
1454,Stuyvesant Heights,2016,7270,-0.02750275027503246
1455,Stuyvesant Heights,2017,7302,0.44016506189821225
1456,Stuyvesant Heights,2018,7359,0.7806080525883274
1457,Stuyvesant Heights,2019,7397,0.5163745074058923
1458,Stuyvesant Town-Cooper Village,2011,2,
1459,Stuyvesant Town-Cooper Village,2012,2,0.0
1460,Stuyvesant Town-Cooper Village,2013,2,0.0
1461,Stuyvesant Town-Cooper Village,2014,2,0.0
1462,Stuyvesant Town-Cooper Village,2015,2,0.0
1463,Stuyvesant Town-Cooper Village,2016,2,0.0
1464,Stuyvesant Town-Cooper Village,2017,2,0.0
1465,Stuyvesant Town-Cooper Village,2018,2,0.0
1466,Stuyvesant Town-Cooper Village,2019,2,0.0
1467,Sunset Park East,2011,5943,
1468,Sunset Park East,2012,6061,1.9855291940097608
1469,Sunset Park East,2013,6108,0.7754495957762675
1470,Sunset Park East,2014,6153,0.7367387033398787
1471,Sunset Park East,2015,6178,0.4063058670567221
1472,Sunset Park East,2016,6200,0.35610229847846675
1473,Sunset Park East,2017,6205,0.08064516129031585
1474,Sunset Park East,2018,6213,0.12892828364221565
1475,Sunset Park East,2019,6267,0.8691453404152671
1476,Sunset Park West,2011,4942,
1477,Sunset Park West,2012,4979,0.7486847430190124
1478,Sunset Park West,2013,5001,0.44185579433622113
1479,Sunset Park West,2014,5020,0.37992401519695296
1480,Sunset Park West,2015,5040,0.3984063745019917
1481,Sunset Park West,2016,5040,0.0
1482,Sunset Park West,2017,5077,0.7341269841269815
1483,Sunset Park West,2018,5113,0.7090801654520362
1484,Sunset Park West,2019,5119,0.11734793663211729
1485,Todt Hill-Emerson Hill-Heartland Village-Lighthouse Hill,2011,9629,
1486,Todt Hill-Emerson Hill-Heartland Village-Lighthouse Hill,2012,9652,0.2388617717312247
1487,Todt Hill-Emerson Hill-Heartland Village-Lighthouse Hill,2013,9652,0.0
1488,Todt Hill-Emerson Hill-Heartland Village-Lighthouse Hill,2014,9675,0.23829258184833169
1489,Todt Hill-Emerson Hill-Heartland Village-Lighthouse Hill,2015,9775,1.033591731266159
1490,Todt Hill-Emerson Hill-Heartland Village-Lighthouse Hill,2016,9696,-0.8081841432225012
1491,Todt Hill-Emerson Hill-Heartland Village-Lighthouse Hill,2017,9724,0.28877887788778533
1492,Todt Hill-Emerson Hill-Heartland Village-Lighthouse Hill,2018,9728,0.041135335252984184
1493,Todt Hill-Emerson Hill-Heartland Village-Lighthouse Hill,2019,9748,0.20559210526316374
1494,Turtle Bay-East Midtown,2011,8305,
1495,Turtle Bay-East Midtown,2012,8321,0.19265502709211457
1496,Turtle Bay-East Midtown,2013,8321,0.0
1497,Turtle Bay-East Midtown,2014,8318,-0.03605335897127748
1498,Turtle Bay-East Midtown,2015,8310,-0.09617696561673439
1499,Turtle Bay-East Midtown,2016,8310,0.0
1500,Turtle Bay-East Midtown,2017,8578,3.2250300842358692
1501,Turtle Bay-East Midtown,2018,8787,2.43646537654465
1502,Turtle Bay-East Midtown,2019,8779,-0.09104358711733429
1503,University Heights-Morris Heights,2011,1394,
1504,University Heights-Morris Heights,2012,1399,0.35868005738881603
1505,University Heights-Morris Heights,2013,1408,0.6433166547533897
1506,University Heights-Morris Heights,2014,1406,-0.14204545454545858
1507,University Heights-Morris Heights,2015,1411,0.35561877667140696
1508,University Heights-Morris Heights,2016,1408,-0.2126151665485465
1509,University Heights-Morris Heights,2017,1409,0.07102272727272929
1510,University Heights-Morris Heights,2018,1407,-0.14194464158977516
1511,University Heights-Morris Heights,2019,1406,-0.0710732054015617
1512,Upper East Side-Carnegie Hill,2011,6880,
1513,Upper East Side-Carnegie Hill,2012,6851,-0.4215116279069786
1514,Upper East Side-Carnegie Hill,2013,6852,0.014596409283318401
1515,Upper East Side-Carnegie Hill,2014,6857,0.07297139521307283
1516,Upper East Side-Carnegie Hill,2015,7178,4.681347528073498
1517,Upper East Side-Carnegie Hill,2016,7188,0.13931457230427213
1518,Upper East Side-Carnegie Hill,2017,7210,0.30606566499722376
1519,Upper East Side-Carnegie Hill,2018,7203,-0.0970873786407811
1520,Upper East Side-Carnegie Hill,2019,7265,0.8607524642510134
1521,Upper West Side,2011,10691,
1522,Upper West Side,2012,10854,1.5246468992610618
1523,Upper West Side,2013,11009,1.428044960383268
1524,Upper West Side,2014,11027,0.1635025887909869
1525,Upper West Side,2015,11238,1.9134850820712757
1526,Upper West Side,2016,11237,-0.008898380494748448
1527,Upper West Side,2017,11625,3.4528788822639545
1528,Upper West Side,2018,11728,0.8860215053763332
1529,Upper West Side,2019,11874,1.2448840381991788
1530,Van Cortlandt Village,2011,1208,
1531,Van Cortlandt Village,2012,1217,0.7450331125827825
1532,Van Cortlandt Village,2013,1221,0.32867707477404196
1533,Van Cortlandt Village,2014,1224,0.24570024570025328
1534,Van Cortlandt Village,2015,1224,0.0
1535,Van Cortlandt Village,2016,1221,-0.2450980392156854
1536,Van Cortlandt Village,2017,1220,-0.08190008190007703
1537,Van Cortlandt Village,2018,1218,-0.16393442622950616
1538,Van Cortlandt Village,2019,1218,0.0
1539,Van Nest-Morris Park-Westchester Square,2011,3564,
1540,Van Nest-Morris Park-Westchester Square,2012,3563,-0.028058361391691822
1541,Van Nest-Morris Park-Westchester Square,2013,3565,0.05613247263542842
1542,Van Nest-Morris Park-Westchester Square,2014,3568,0.08415147265077305
1543,Van Nest-Morris Park-Westchester Square,2015,3568,0.0
1544,Van Nest-Morris Park-Westchester Square,2016,3571,0.0840807174887992
1545,Van Nest-Morris Park-Westchester Square,2017,3571,0.0
1546,Van Nest-Morris Park-Westchester Square,2018,3573,0.05600672080650071
1547,Van Nest-Morris Park-Westchester Square,2019,3576,0.08396305625524292
1548,Washington Heights North,2011,909,
1549,Washington Heights North,2012,951,4.62046204620461
1550,Washington Heights North,2013,949,-0.2103049421661396
1551,Washington Heights North,2014,949,0.0
1552,Washington Heights North,2015,949,0.0
1553,Washington Heights North,2016,949,0.0
1554,Washington Heights North,2017,946,-0.31612223393044925
1555,Washington Heights North,2018,1073,13.424947145877386
1556,Washington Heights North,2019,1071,-0.18639328984156878
1557,Washington Heights South,2011,1476,
1558,Washington Heights South,2012,1474,-0.13550135501354532
1559,Washington Heights South,2013,1472,-0.13568521031207537
1560,Washington Heights South,2014,1405,-4.551630434782606
1561,Washington Heights South,2015,1401,-0.2846975088967918
1562,Washington Heights South,2016,1457,3.9971448965024914
1563,Washington Heights South,2017,1590,9.128345916266301
1564,Washington Heights South,2018,1587,-0.18867924528301883
1565,Washington Heights South,2019,1587,0.0
1566,West Brighton,2011,786,
1567,West Brighton,2012,786,0.0
1568,West Brighton,2013,786,0.0
1569,West Brighton,2014,786,0.0
1570,West Brighton,2015,787,0.12722646310432406
1571,West Brighton,2016,787,0.0
1572,West Brighton,2017,787,0.0
1573,West Brighton,2018,788,0.12706480304955914
1574,West Brighton,2019,789,0.12690355329949554
1575,West Concourse,2011,311,
1576,West Concourse,2012,311,0.0
1577,West Concourse,2013,311,0.0
1578,West Concourse,2014,312,0.3215434083601254
1579,West Concourse,2015,312,0.0
1580,West Concourse,2016,312,0.0
1581,West Concourse,2017,314,0.6410256410256387
1582,West Concourse,2018,315,0.31847133757962887
1583,West Concourse,2019,315,0.0
1584,West Farms-Bronx River,2011,2023,
1585,West Farms-Bronx River,2012,2025,0.0988630746416197
1586,West Farms-Bronx River,2013,2027,0.09876543209876854
1587,West Farms-Bronx River,2014,2023,-0.19733596447952806
1588,West Farms-Bronx River,2015,2022,-0.04943153732080985
1589,West Farms-Bronx River,2016,2022,0.0
1590,West Farms-Bronx River,2017,2022,0.0
1591,West Farms-Bronx River,2018,2024,0.09891196834816984
1592,West Farms-Bronx River,2019,2025,0.049407114624511195
1593,West New Brighton-New Brighton-St. George,2011,5398,
1594,West New Brighton-New Brighton-St. George,2012,5413,0.27788069655427794
1595,West New Brighton-New Brighton-St. George,2013,5420,0.1293183077775817
1596,West New Brighton-New Brighton-St. George,2014,5442,0.405904059040596
1597,West New Brighton-New Brighton-St. George,2015,5461,0.34913634693127804
1598,West New Brighton-New Brighton-St. George,2016,5565,1.9044131111518148
1599,West New Brighton-New Brighton-St. George,2017,5566,0.017969451931709735
1600,West New Brighton-New Brighton-St. George,2018,5604,0.6827164929931628
1601,West New Brighton-New Brighton-St. George,2019,5630,0.4639543183440509
1602,West Village,2011,6608,
1603,West Village,2012,6607,-0.015133171912828924
1604,West Village,2013,6622,0.22703193582565007
1605,West Village,2014,6657,0.5285412262156397
1606,West Village,2015,6676,0.28541385008262754
1607,West Village,2016,6652,-0.3594967046135378
1608,West Village,2017,6970,4.780517137702955
1609,West Village,2018,7065,1.3629842180774787
1610,West Village,2019,7161,1.3588110403397025
1611,Westchester-Unionport,2011,2867,
1612,Westchester-Unionport,2012,2870,0.10463899546564459
1613,Westchester-Unionport,2013,2871,0.03484320557491927
1614,Westchester-Unionport,2014,2870,-0.03483106931382318
1615,Westchester-Unionport,2015,2866,-0.13937282229965486
1616,Westchester-Unionport,2016,2868,0.06978367062107083
1617,Westchester-Unionport,2017,2868,0.0
1618,Westchester-Unionport,2018,2874,0.20920502092049986
1619,Westchester-Unionport,2019,2873,-0.03479471120390043
1620,Westerleigh,2011,7014,
1621,Westerleigh,2012,7025,0.15682919874535628
1622,Westerleigh,2013,7030,0.0711743772241924
1623,Westerleigh,2014,7044,0.19914651493599944
1624,Westerleigh,2015,7045,0.014196479273143048
1625,Westerleigh,2016,7060,0.2129169623846794
1626,Westerleigh,2017,7059,-0.014164305949004863
1627,Westerleigh,2018,7065,0.08499787505311662
1628,Westerleigh,2019,7074,0.1273885350318471
1629,Whitestone,2011,7617,
1630,Whitestone,2012,7618,0.013128528291983521
1631,Whitestone,2013,7635,0.22315568390653961
1632,Whitestone,2014,7635,0.0
1633,Whitestone,2015,7634,-0.01309757694826219
1634,Whitestone,2016,7638,0.05239717055278703
1635,Whitestone,2017,7645,0.091647028017805
1636,Whitestone,2018,7649,0.0523217789404784
1637,Whitestone,2019,7683,0.4445025493528654
1638,Williamsbridge-Olinville,2011,6569,
1639,Williamsbridge-Olinville,2012,6570,0.01522301720200403
1640,Williamsbridge-Olinville,2013,6580,0.15220700152207556
1641,Williamsbridge-Olinville,2014,6604,0.36474164133739606
1642,Williamsbridge-Olinville,2015,6605,0.01514233797699216
1643,Williamsbridge-Olinville,2016,6611,0.09084027252082016
1644,Williamsbridge-Olinville,2017,6616,0.07563152321887756
1645,Williamsbridge-Olinville,2018,6617,0.015114873035071419
1646,Williamsbridge-Olinville,2019,6625,0.12090071029167149
1647,Williamsburg,2011,2843,
1648,Williamsburg,2012,2874,1.090397467463955
1649,Williamsburg,2013,2884,0.3479471120389599
1650,Williamsburg,2014,2901,0.5894590846047265
1651,Williamsburg,2015,2958,1.9648397104446769
1652,Williamsburg,2016,2973,0.5070993914807254
1653,Williamsburg,2017,2981,0.2690884628321566
1654,Williamsburg,2018,3039,1.9456558201945695
1655,Williamsburg,2019,3146,3.520895031260274
1656,Windsor Terrace,2011,3164,
1657,Windsor Terrace,2012,3174,0.3160556257901348
1658,Windsor Terrace,2013,3169,-0.1575299306868283
1659,Windsor Terrace,2014,3185,0.5048911328494832
1660,Windsor Terrace,2015,3182,-0.09419152276295417
1661,Windsor Terrace,2016,3191,0.2828409805154086
1662,Windsor Terrace,2017,3192,0.03133813851456946
1663,Windsor Terrace,2018,3192,0.0
1664,Windsor Terrace,2019,3191,-0.03132832080200432
1665,Woodhaven,2011,8687,
1666,Woodhaven,2012,8694,0.08058017727639033
1667,Woodhaven,2013,8694,0.0
1668,Woodhaven,2014,8697,0.03450655624568366
1669,Woodhaven,2015,8698,0.01149821777624016
1670,Woodhaven,2016,8697,-0.011496895838125631
1671,Woodhaven,2017,8694,-0.034494653328731584
1672,Woodhaven,2018,8694,0.0
1673,Woodhaven,2019,8697,0.03450655624568366
1674,Woodlawn-Wakefield,2011,6701,
1675,Woodlawn-Wakefield,2012,6708,0.10446202059393173
1676,Woodlawn-Wakefield,2013,6707,-0.014907573047107103
1677,Woodlawn-Wakefield,2014,6711,0.059639182943183044
1678,Woodlawn-Wakefield,2015,6706,-0.0745045447772319
1679,Woodlawn-Wakefield,2016,6706,0.0
1680,Woodlawn-Wakefield,2017,6707,0.014912019087387485
1681,Woodlawn-Wakefield,2018,6707,0.0
1682,Woodlawn-Wakefield,2019,6711,0.059639182943183044
1683,Woodside,2011,3863,
1684,Woodside,2012,3893,0.7765984985762309
1685,Woodside,2013,4030,3.519136912406884
1686,Woodside,2014,4034,0.09925558312655625
1687,Woodside,2015,4034,0.0
1688,Woodside,2016,4040,0.14873574615765772
1689,Woodside,2017,4038,-0.04950495049504955
1690,Woodside,2018,4120,2.0307082714214886
1691,Woodside,2019,4126,0.14563106796117165
1692,Yorkville,2011,7291,
1693,Yorkville,2012,7123,-2.304210670689888
1694,Yorkville,2013,7030,-1.3056296504281861
1695,Yorkville,2014,7044,0.19914651493599944
1696,Yorkville,2015,7133,1.263486655309487
1697,Yorkville,2016,7123,-0.14019346698443957
1698,Yorkville,2017,7417,4.127474378772988
1699,Yorkville,2018,7602,2.494269920453007
1700,Yorkville,2019,7781,2.3546435148645184
1701,park-cemetery-etc-Bronx,2011,4,
1702,park-cemetery-etc-Bronx,2012,3,-25.0
1703,park-cemetery-etc-Bronx,2013,4,33.33333333333333
1704,park-cemetery-etc-Bronx,2014,5,25.0
1705,park-cemetery-etc-Bronx,2015,6,19.999999999999996
1706,park-cemetery-etc-Bronx,2016,7,16.666666666666675
1707,park-cemetery-etc-Bronx,2017,7,0.0
1708,park-cemetery-etc-Bronx,2018,10,42.85714285714286
1709,park-cemetery-etc-Bronx,2019,9,-9.999999999999998
1710,park-cemetery-etc-Brooklyn,2011,12,
1711,park-cemetery-etc-Brooklyn,2012,12,0.0
1712,park-cemetery-etc-Brooklyn,2013,11,-8.333333333333337
1713,park-cemetery-etc-Brooklyn,2014,11,0.0
1714,park-cemetery-etc-Brooklyn,2015,18,63.63636363636365
1715,park-cemetery-etc-Brooklyn,2016,19,5.555555555555558
1716,park-cemetery-etc-Brooklyn,2017,25,31.578947368421062
1717,park-cemetery-etc-Brooklyn,2018,24,-4.0000000000000036
1718,park-cemetery-etc-Brooklyn,2019,24,0.0
1719,park-cemetery-etc-Queens,2011,12,
1720,park-cemetery-etc-Queens,2012,12,0.0
1721,park-cemetery-etc-Queens,2013,11,-8.333333333333337
1722,park-cemetery-etc-Queens,2014,11,0.0
1723,park-cemetery-etc-Queens,2015,10,-9.090909090909093
1724,park-cemetery-etc-Queens,2016,10,0.0
1725,park-cemetery-etc-Queens,2017,10,0.0
1726,park-cemetery-etc-Queens,2018,10,0.0
1727,park-cemetery-etc-Queens,2019,10,0.0
